로트번호,시각,설비호기,교대조,건조_ZONE1_TEMP,건조_ZONE2_TEMP,프레스_1호기_압력,코팅_로딩_mg_cm2,전극_밀도,화성_3단계_CV_전압,NMP_투입비,에이징_시간_h,판정
LOT-2026-1200,2026-08-03 06:00:00,1호기,주간,133.6,118.5,1443.0,20.14,3.455,4.192,0.401,23.7,불량
LOT-2026-1200,2026-08-03 06:03:00,2호기,주간,132.0,117.5,1538.0,21.7,3.464,4.189,0.39,48.2,양품
LOT-2026-1200,2026-08-03 06:06:00,3호기,주간,131.9,120.7,1451.0,20.72,3.58,4.187,0.431,47.5,불량
LOT-2026-1200,2026-08-03 06:09:00,4호기,주간,135.7,113.0,1495.0,20.75,3.464,4.178,0.429,23.8,양품
LOT-2026-1200,2026-08-03 06:12:00,1호기,주간,132.8,118.0,1353.0,20.73,3.487,4.191,0.417,47.5,양품
LOT-2026-1200,2026-08-03 06:15:00,2호기,주간,131.0,119.1,1438.0,21.94,3.459,4.191,0.442,24.2,양품
LOT-2026-1200,2026-08-03 06:18:00,3호기,주간,130.5,121.1,1484.0,20.05,3.501,4.186,0.439,23.8,불량
LOT-2026-1200,2026-08-03 06:21:00,4호기,주간,133.9,122.3,1424.0,21.32,3.422,4.201,0.434,35.5,양품
LOT-2026-1200,2026-08-03 06:24:00,1호기,주간,131.6,120.4,1438.0,21.73,3.501,4.188,0.438,48.8,양품
LOT-2026-1200,2026-08-03 06:27:00,2호기,주간,130.2,121.1,1550.0,20.68,3.486,4.193,0.406,23.4,양품
LOT-2026-1200,2026-08-03 06:30:00,3호기,주간,129.6,120.0,1476.0,20.41,3.448,4.199,0.384,24.0,양품
LOT-2026-1200,2026-08-03 06:33:00,4호기,주간,132.0,120.7,1316.0,20.84,3.457,4.193,0.408,24.5,양품
LOT-2026-1200,2026-08-03 06:36:00,1호기,주간,133.7,117.5,1469.0,20.76,3.517,4.183,0.4,24.5,양품
LOT-2026-1200,2026-08-03 06:39:00,2호기,주간,131.5,120.3,1505.0,20.53,3.485,4.201,0.421,36.1,양품
LOT-2026-1200,2026-08-03 06:42:00,3호기,주간,130.5,115.4,1479.0,21.18,3.465,4.188,0.419,48.4,양품
LOT-2026-1200,2026-08-03 06:45:00,4호기,주간,132.8,118.6,1432.0,19.93,3.478,4.189,0.437,48.0,불량
LOT-2026-1200,2026-08-03 06:48:00,1호기,주간,130.7,129.9,1512.0,20.59,3.513,4.207,0.388,36.0,양품
LOT-2026-1200,2026-08-03 06:51:00,2호기,주간,133.2,117.2,1411.0,21.07,3.452,4.192,0.386,47.4,양품
LOT-2026-1200,2026-08-03 06:54:00,3호기,주간,129.9,116.2,1521.0,21.44,3.448,4.198,0.452,36.9,양품
LOT-2026-1200,2026-08-03 06:57:00,4호기,주간,132.6,119.9,1493.0,21.4,3.427,4.191,0.391,48.1,양품
LOT-2026-1200,2026-08-03 07:00:00,1호기,주간,133.5,123.4,1504.0,21.23,3.456,4.217,0.41,48.3,양품
LOT-2026-1200,2026-08-03 07:03:00,2호기,주간,134.2,118.8,1455.0,20.95,3.583,4.201,0.425,35.7,양품
LOT-2026-1200,2026-08-03 07:06:00,3호기,주간,130.5,117.6,1413.0,20.4,3.525,4.198,0.404,35.8,양품
LOT-2026-1200,2026-08-03 07:09:00,4호기,주간,132.0,117.5,1421.0,20.97,3.49,4.17,0.438,23.7,양품
LOT-2026-1200,2026-08-03 07:12:00,1호기,주간,133.5,119.3,1507.0,20.68,3.503,4.183,0.417,48.6,양품
LOT-2026-1200,2026-08-03 07:15:00,2호기,주간,129.7,119.0,1535.0,21.25,3.475,4.204,0.4,23.7,양품
LOT-2026-1200,2026-08-03 07:18:00,3호기,주간,127.7,120.0,1429.0,21.19,3.433,4.172,0.41,23.9,양품
LOT-2026-1200,2026-08-03 07:21:00,4호기,주간,129.7,122.3,1318.0,19.98,3.474,4.18,0.415,36.3,불량
LOT-2026-1200,2026-08-03 07:24:00,1호기,주간,132.6,119.9,1434.0,21.13,3.443,4.211,0.422,23.5,불량
LOT-2026-1200,2026-08-03 07:27:00,2호기,주간,134.3,119.4,1309.0,20.42,3.455,4.203,0.424,35.6,양품
LOT-2026-1200,2026-08-03 07:30:00,3호기,주간,130.9,121.4,1380.0,20.2,3.395,4.193,0.423,35.9,불량
LOT-2026-1200,2026-08-03 07:33:00,4호기,주간,132.2,113.3,1462.0,21.2,3.37,4.188,0.401,23.7,양품
LOT-2026-1200,2026-08-03 07:36:00,1호기,주간,137.1,114.2,1396.0,21.73,3.432,4.19,0.414,47.5,양품
LOT-2026-1200,2026-08-03 07:39:00,2호기,주간,132.8,114.2,1418.0,19.91,3.472,4.191,0.452,23.3,불량
LOT-2026-1200,2026-08-03 07:42:00,3호기,주간,131.1,119.2,1432.0,20.5,3.476,4.191,0.418,24.5,양품
LOT-2026-1200,2026-08-03 07:45:00,4호기,주간,132.3,123.2,1422.0,20.96,3.452,4.177,0.362,48.2,양품
LOT-2026-1200,2026-08-03 07:48:00,1호기,주간,131.9,122.9,1508.0,21.24,3.551,4.194,0.389,24.3,양품
LOT-2026-1200,2026-08-03 07:51:00,2호기,주간,130.8,117.2,1415.0,22.51,3.444,4.186,0.415,23.4,불량
LOT-2026-1200,2026-08-03 07:54:00,3호기,주간,132.7,117.0,1389.0,21.05,3.527,4.182,0.388,47.2,양품
LOT-2026-1200,2026-08-03 07:57:00,4호기,주간,131.5,115.6,1488.0,21.72,3.446,4.189,0.423,23.7,양품
LOT-2026-1201,2026-08-03 08:00:00,1호기,주간,132.4,116.8,1451.0,19.73,3.483,4.196,0.422,48.5,불량
LOT-2026-1201,2026-08-03 08:03:00,2호기,주간,133.4,118.0,1479.0,21.63,3.464,4.197,0.453,48.7,양품
LOT-2026-1201,2026-08-03 08:06:00,3호기,주간,132.9,117.5,1360.0,22.0,3.509,4.19,0.428,23.6,양품
LOT-2026-1201,2026-08-03 08:09:00,4호기,주간,130.1,118.3,1507.0,21.21,3.487,4.196,0.422,23.8,양품
LOT-2026-1201,2026-08-03 08:12:00,1호기,주간,132.1,117.0,1519.0,20.35,3.458,4.194,0.424,24.5,양품
LOT-2026-1201,2026-08-03 08:15:00,2호기,주간,130.6,119.5,1442.0,21.21,3.458,4.195,0.441,36.2,양품
LOT-2026-1201,2026-08-03 08:18:00,3호기,주간,134.4,116.6,1437.0,20.39,3.493,4.199,0.456,35.8,양품
LOT-2026-1201,2026-08-03 08:21:00,4호기,주간,134.6,118.6,1455.0,21.45,3.482,4.191,0.38,24.0,양품
LOT-2026-1201,2026-08-03 08:24:00,1호기,주간,128.0,117.2,1380.0,21.28,3.481,4.182,0.428,36.5,양품
LOT-2026-1201,2026-08-03 08:27:00,2호기,주간,131.4,117.5,1517.0,20.21,3.494,4.197,0.417,48.2,양품
LOT-2026-1201,2026-08-03 08:30:00,3호기,주간,128.2,118.8,1417.0,22.1,3.51,4.211,0.425,36.4,양품
LOT-2026-1201,2026-08-03 08:33:00,4호기,주간,132.2,118.2,1384.0,20.33,3.463,4.183,0.425,48.0,양품
LOT-2026-1201,2026-08-03 08:36:00,1호기,주간,130.1,118.5,1413.0,21.42,3.427,4.186,0.409,23.7,양품
LOT-2026-1201,2026-08-03 08:39:00,2호기,주간,129.3,116.0,1356.0,21.58,3.445,4.182,0.399,24.2,양품
LOT-2026-1201,2026-08-03 08:42:00,3호기,주간,133.1,115.4,1596.0,21.49,3.419,4.188,0.423,35.7,양품
LOT-2026-1201,2026-08-03 08:45:00,4호기,주간,136.3,117.2,1433.0,21.12,3.491,4.179,0.414,23.7,양품
LOT-2026-1201,2026-08-03 08:48:00,1호기,주간,133.1,116.8,1505.0,21.06,3.453,4.175,0.432,36.1,양품
LOT-2026-1201,2026-08-03 08:51:00,2호기,주간,132.4,121.7,1423.0,21.76,3.445,4.18,0.441,48.3,양품
LOT-2026-1201,2026-08-03 08:54:00,3호기,주간,134.2,118.9,1476.0,20.16,3.46,4.213,0.394,48.1,양품
LOT-2026-1201,2026-08-03 08:57:00,4호기,주간,131.3,120.5,1410.0,21.21,3.587,4.175,0.432,23.6,양품
LOT-2026-1201,2026-08-03 09:00:00,1호기,주간,133.5,116.7,1448.0,21.11,3.451,4.184,0.405,24.7,양품
LOT-2026-1201,2026-08-03 09:03:00,2호기,주간,131.3,122.7,1317.0,21.62,3.588,4.192,0.385,23.7,양품
LOT-2026-1201,2026-08-03 09:06:00,3호기,주간,132.1,118.1,1439.0,21.95,3.504,4.186,0.423,23.6,불량
LOT-2026-1201,2026-08-03 09:09:00,4호기,주간,131.9,120.0,1405.0,20.88,3.468,4.196,0.436,48.2,양품
LOT-2026-1201,2026-08-03 09:12:00,1호기,주간,130.9,117.6,1549.0,22.01,3.486,4.196,0.445,36.0,양품
LOT-2026-1201,2026-08-03 09:15:00,2호기,주간,132.7,115.6,1524.0,20.98,3.415,4.194,0.431,47.9,양품
LOT-2026-1201,2026-08-03 09:18:00,3호기,주간,132.2,118.4,1519.0,20.2,3.446,4.189,0.401,23.8,불량
LOT-2026-1201,2026-08-03 09:21:00,4호기,주간,137.1,117.8,1381.0,21.02,3.445,4.184,0.436,48.2,양품
LOT-2026-1201,2026-08-03 09:24:00,1호기,주간,130.0,121.3,1388.0,20.91,3.509,4.2,0.407,24.3,양품
LOT-2026-1201,2026-08-03 09:27:00,2호기,주간,133.1,116.2,1433.0,21.7,3.473,4.197,0.445,35.7,양품
LOT-2026-1201,2026-08-03 09:30:00,3호기,주간,134.1,119.3,1443.0,20.92,3.477,4.208,0.417,48.1,양품
LOT-2026-1201,2026-08-03 09:33:00,4호기,주간,134.0,120.7,1399.0,20.96,3.464,4.19,0.472,25.2,양품
LOT-2026-1201,2026-08-03 09:36:00,1호기,주간,133.5,119.8,1415.0,21.52,3.476,4.189,0.431,24.1,양품
LOT-2026-1201,2026-08-03 09:39:00,2호기,주간,130.2,120.9,1411.0,20.99,3.502,4.202,0.437,24.2,양품
LOT-2026-1201,2026-08-03 09:42:00,3호기,주간,127.5,113.4,1345.0,22.05,3.492,4.197,0.456,24.4,양품
LOT-2026-1201,2026-08-03 09:45:00,4호기,주간,133.6,114.7,1440.0,21.73,3.424,4.198,0.423,24.7,양품
LOT-2026-1201,2026-08-03 09:48:00,1호기,주간,129.5,120.4,1470.0,21.56,3.417,4.192,0.41,24.4,양품
LOT-2026-1201,2026-08-03 09:51:00,2호기,주간,130.9,119.9,1430.0,20.72,3.433,4.196,0.444,23.7,양품
LOT-2026-1201,2026-08-03 09:54:00,3호기,주간,132.7,120.2,1358.0,21.47,3.399,4.184,0.424,24.2,양품
LOT-2026-1201,2026-08-03 09:57:00,4호기,주간,132.4,118.3,1377.0,21.62,3.496,4.192,0.421,48.1,양품
LOT-2026-1202,2026-08-03 10:00:00,1호기,주간,132.3,118.7,1454.0,20.86,3.516,4.174,0.409,24.3,양품
LOT-2026-1202,2026-08-03 10:03:00,2호기,주간,133.3,118.4,1468.0,20.49,3.484,4.186,0.426,23.6,양품
LOT-2026-1202,2026-08-03 10:06:00,3호기,주간,132.1,121.0,1527.0,21.73,3.448,4.19,0.43,23.8,양품
LOT-2026-1202,2026-08-03 10:09:00,4호기,주간,133.6,122.4,1453.0,21.97,3.409,4.188,0.42,23.6,양품
LOT-2026-1202,2026-08-03 10:12:00,1호기,주간,133.3,119.6,1428.0,20.89,3.468,4.181,0.42,36.2,양품
LOT-2026-1202,2026-08-03 10:15:00,2호기,주간,132.2,120.8,1435.0,21.15,3.475,4.188,0.408,47.7,양품
LOT-2026-1202,2026-08-03 10:18:00,3호기,주간,131.4,120.2,1446.0,21.33,3.415,4.179,0.44,24.4,양품
LOT-2026-1202,2026-08-03 10:21:00,4호기,주간,132.0,116.4,1396.0,21.55,3.499,4.186,0.395,23.6,양품
LOT-2026-1202,2026-08-03 10:24:00,1호기,주간,129.1,116.5,1446.0,22.2,3.459,4.197,0.442,23.7,양품
LOT-2026-1202,2026-08-03 10:27:00,2호기,주간,133.2,123.6,1413.0,21.56,3.503,4.195,0.423,24.8,양품
LOT-2026-1202,2026-08-03 10:30:00,3호기,주간,132.0,119.6,1369.0,20.6,3.451,4.176,0.402,24.9,양품
LOT-2026-1202,2026-08-03 10:33:00,4호기,주간,133.0,119.7,1471.0,21.31,3.567,4.194,0.434,24.2,양품
LOT-2026-1202,2026-08-03 10:36:00,1호기,주간,132.5,117.2,1276.0,21.12,3.478,4.182,0.414,23.9,양품
LOT-2026-1202,2026-08-03 10:39:00,2호기,주간,130.4,118.1,1430.0,21.7,3.391,4.191,0.444,35.9,양품
LOT-2026-1202,2026-08-03 10:42:00,3호기,주간,130.7,119.6,1426.0,20.89,3.527,4.178,0.417,23.7,양품
LOT-2026-1202,2026-08-03 10:45:00,4호기,주간,134.5,123.6,1460.0,21.57,3.488,4.191,0.411,47.8,양품
LOT-2026-1202,2026-08-03 10:48:00,1호기,주간,130.3,119.2,1514.0,20.45,3.504,4.173,0.409,24.6,양품
LOT-2026-1202,2026-08-03 10:51:00,2호기,주간,130.3,118.5,1525.0,21.06,3.5,4.203,0.457,24.6,양품
LOT-2026-1202,2026-08-03 10:54:00,3호기,주간,129.9,117.5,1473.0,21.67,3.45,4.186,0.433,24.0,양품
LOT-2026-1202,2026-08-03 10:57:00,4호기,주간,129.8,121.7,1481.0,20.9,3.447,4.183,0.407,36.1,양품
LOT-2026-1202,2026-08-03 11:00:00,1호기,주간,130.4,120.3,1447.0,20.76,3.492,4.193,0.405,36.4,양품
LOT-2026-1202,2026-08-03 11:03:00,2호기,주간,133.2,118.8,1353.0,20.58,3.524,4.177,0.38,24.6,양품
LOT-2026-1202,2026-08-03 11:06:00,3호기,주간,131.6,120.2,1395.0,21.55,3.441,4.177,0.418,36.3,양품
LOT-2026-1202,2026-08-03 11:09:00,4호기,주간,132.0,117.2,1450.0,20.48,3.479,4.209,0.404,36.7,양품
LOT-2026-1202,2026-08-03 11:12:00,1호기,주간,132.2,117.4,1451.0,21.31,3.545,4.187,0.39,47.4,양품
LOT-2026-1202,2026-08-03 11:15:00,2호기,주간,135.3,117.8,1490.0,21.45,3.485,4.197,0.367,47.5,양품
LOT-2026-1202,2026-08-03 11:18:00,3호기,주간,132.7,118.8,1454.0,21.19,3.488,4.196,0.422,24.1,양품
LOT-2026-1202,2026-08-03 11:21:00,4호기,주간,129.7,131.4,1469.0,20.66,3.475,4.19,0.426,36.1,양품
LOT-2026-1202,2026-08-03 11:24:00,1호기,주간,129.6,118.7,1510.0,21.94,3.523,4.204,0.413,24.1,양품
LOT-2026-1202,2026-08-03 11:27:00,2호기,주간,129.9,121.9,1404.0,21.03,3.431,4.193,0.453,24.0,양품
LOT-2026-1202,2026-08-03 11:30:00,3호기,주간,131.7,119.2,1472.0,21.61,3.598,4.191,0.394,23.4,양품
LOT-2026-1202,2026-08-03 11:33:00,4호기,주간,132.2,115.2,1425.0,20.89,3.503,4.194,0.427,36.4,양품
LOT-2026-1202,2026-08-03 11:36:00,1호기,주간,132.4,118.7,1429.0,21.16,3.508,4.21,0.422,36.1,양품
LOT-2026-1202,2026-08-03 11:39:00,2호기,주간,132.4,119.9,1411.0,20.84,3.477,4.188,0.43,36.7,양품
LOT-2026-1202,2026-08-03 11:42:00,3호기,주간,132.9,117.9,1442.0,22.18,3.465,4.19,0.442,36.2,양품
LOT-2026-1202,2026-08-03 11:45:00,4호기,주간,129.9,117.8,1510.0,21.19,3.503,4.182,0.43,24.0,양품
LOT-2026-1202,2026-08-03 11:48:00,1호기,주간,133.3,118.0,1575.0,21.07,3.471,4.179,0.417,36.0,양품
LOT-2026-1202,2026-08-03 11:51:00,2호기,주간,128.3,121.8,1427.0,20.93,3.459,4.196,0.429,48.0,양품
LOT-2026-1202,2026-08-03 11:54:00,3호기,주간,132.6,118.7,1492.0,19.7,3.435,4.197,0.419,48.3,불량
LOT-2026-1202,2026-08-03 11:57:00,4호기,주간,133.0,114.3,1430.0,21.2,3.493,4.198,0.43,24.3,양품
LOT-2026-1203,2026-08-03 12:00:00,1호기,주간,131.3,118.3,1540.0,20.5,3.485,4.172,0.435,48.4,양품
LOT-2026-1203,2026-08-03 12:03:00,2호기,주간,129.3,114.7,1505.0,21.32,3.464,4.182,0.424,48.2,양품
LOT-2026-1203,2026-08-03 12:06:00,3호기,주간,134.0,120.2,1544.0,21.24,3.5,4.189,0.411,24.1,양품
LOT-2026-1203,2026-08-03 12:09:00,4호기,주간,132.7,121.1,1477.0,20.92,3.473,4.185,0.444,36.0,양품
LOT-2026-1203,2026-08-03 12:12:00,1호기,주간,130.7,119.2,1454.0,21.13,3.5,4.183,0.409,47.7,양품
LOT-2026-1203,2026-08-03 12:15:00,2호기,주간,130.9,117.9,1462.0,20.89,3.478,4.19,0.401,24.1,양품
LOT-2026-1203,2026-08-03 12:18:00,3호기,주간,130.5,120.7,1483.0,20.88,3.544,4.196,0.412,47.9,양품
LOT-2026-1203,2026-08-03 12:21:00,4호기,주간,129.9,120.0,1480.0,20.1,3.466,4.183,0.408,35.8,양품
LOT-2026-1203,2026-08-03 12:24:00,1호기,주간,134.8,121.2,1456.0,21.43,3.513,4.196,0.435,47.3,양품
LOT-2026-1203,2026-08-03 12:27:00,2호기,주간,129.0,122.0,1432.0,21.63,3.504,4.193,0.409,36.0,양품
LOT-2026-1203,2026-08-03 12:30:00,3호기,주간,130.5,115.2,1492.0,21.14,3.486,4.195,0.407,35.7,불량
LOT-2026-1203,2026-08-03 12:33:00,4호기,주간,130.0,117.9,1423.0,20.48,3.594,4.185,0.407,24.0,불량
LOT-2026-1203,2026-08-03 12:36:00,1호기,주간,132.1,115.7,1433.0,21.05,3.426,4.192,0.434,23.3,양품
LOT-2026-1203,2026-08-03 12:39:00,2호기,주간,129.6,116.7,1486.0,19.88,3.439,4.186,0.416,23.7,불량
LOT-2026-1203,2026-08-03 12:42:00,3호기,주간,131.3,118.4,1491.0,21.13,3.486,4.158,0.406,24.1,양품
LOT-2026-1203,2026-08-03 12:45:00,4호기,주간,133.2,116.9,1450.0,21.13,3.501,4.193,0.4,23.8,양품
LOT-2026-1203,2026-08-03 12:48:00,1호기,주간,129.1,122.1,1466.0,22.49,3.383,4.192,0.419,24.1,불량
LOT-2026-1203,2026-08-03 12:51:00,2호기,주간,132.3,117.9,1392.0,20.65,3.452,4.184,0.387,24.5,양품
LOT-2026-1203,2026-08-03 12:54:00,3호기,주간,132.4,116.3,1515.0,21.37,3.459,4.197,0.448,48.7,양품
LOT-2026-1203,2026-08-03 12:57:00,4호기,주간,134.5,118.3,1508.0,21.75,3.481,4.186,0.436,36.2,양품
LOT-2026-1203,2026-08-03 13:00:00,1호기,주간,133.7,117.1,1511.0,21.29,3.552,4.195,0.417,35.8,양품
LOT-2026-1203,2026-08-03 13:03:00,2호기,주간,129.8,116.4,1407.0,20.71,3.487,4.192,0.44,24.0,양품
LOT-2026-1203,2026-08-03 13:06:00,3호기,주간,129.9,116.6,1424.0,21.91,3.443,4.188,0.474,23.4,양품
LOT-2026-1203,2026-08-03 13:09:00,4호기,주간,134.2,122.6,1365.0,19.81,3.53,4.179,0.441,47.7,불량
LOT-2026-1203,2026-08-03 13:12:00,1호기,주간,132.3,118.2,1439.0,20.69,3.544,4.196,0.445,24.0,양품
LOT-2026-1203,2026-08-03 13:15:00,2호기,주간,133.3,115.6,1435.0,21.8,3.484,4.196,0.428,24.5,양품
LOT-2026-1203,2026-08-03 13:18:00,3호기,주간,135.1,120.2,1516.0,20.93,3.503,4.183,0.425,23.3,양품
LOT-2026-1203,2026-08-03 13:21:00,4호기,주간,130.9,116.6,1431.0,20.9,3.521,4.194,0.442,35.9,양품
LOT-2026-1203,2026-08-03 13:24:00,1호기,주간,131.6,122.9,1393.0,22.02,3.447,4.187,0.438,23.5,양품
LOT-2026-1203,2026-08-03 13:27:00,2호기,주간,131.9,118.8,1486.0,19.54,3.484,4.204,0.417,24.4,불량
LOT-2026-1203,2026-08-03 13:30:00,3호기,주간,132.3,117.1,1504.0,20.84,3.536,4.194,0.439,35.9,양품
LOT-2026-1203,2026-08-03 13:33:00,4호기,주간,134.1,116.8,1507.0,20.75,3.427,4.178,0.452,24.1,양품
LOT-2026-1203,2026-08-03 13:36:00,1호기,주간,130.9,120.0,1456.0,21.18,3.503,4.167,0.409,24.0,양품
LOT-2026-1203,2026-08-03 13:39:00,2호기,주간,133.2,108.1,1420.0,21.4,3.547,4.191,0.435,47.7,양품
LOT-2026-1203,2026-08-03 13:42:00,3호기,주간,132.4,119.4,1358.0,20.82,3.454,4.172,0.387,23.8,양품
LOT-2026-1203,2026-08-03 13:45:00,4호기,주간,131.1,119.3,1587.0,21.32,3.462,4.206,0.425,36.3,양품
LOT-2026-1203,2026-08-03 13:48:00,1호기,주간,131.0,117.6,1447.0,22.68,3.546,4.203,0.441,47.3,불량
LOT-2026-1203,2026-08-03 13:51:00,2호기,주간,128.6,121.4,1469.0,21.31,3.49,4.182,0.422,23.7,양품
LOT-2026-1203,2026-08-03 13:54:00,3호기,주간,133.8,119.1,1564.0,21.75,3.451,4.206,0.407,48.4,양품
LOT-2026-1203,2026-08-03 13:57:00,4호기,주간,133.5,115.9,1478.0,21.16,3.498,4.183,0.386,47.6,양품
LOT-2026-1204,2026-08-03 14:00:00,1호기,주간,131.1,116.6,1415.0,21.55,3.477,4.188,0.412,23.5,양품
LOT-2026-1204,2026-08-03 14:03:00,2호기,주간,129.9,117.8,1385.0,20.58,3.437,4.194,0.41,35.8,양품
LOT-2026-1204,2026-08-03 14:06:00,3호기,주간,132.0,116.6,1404.0,22.41,3.507,4.176,0.415,48.6,불량
LOT-2026-1204,2026-08-03 14:09:00,4호기,주간,129.1,117.1,1554.0,21.92,3.468,4.206,0.397,23.9,양품
LOT-2026-1204,2026-08-03 14:12:00,1호기,주간,132.4,115.9,1478.0,21.5,3.447,4.192,0.406,24.3,양품
LOT-2026-1204,2026-08-03 14:15:00,2호기,주간,133.1,117.5,1399.0,20.6,3.489,4.203,0.408,36.2,양품
LOT-2026-1204,2026-08-03 14:18:00,3호기,주간,134.5,114.4,1433.0,22.25,3.481,4.177,0.443,48.0,양품
LOT-2026-1204,2026-08-03 14:21:00,4호기,주간,131.5,119.4,1470.0,21.78,3.483,4.198,0.408,24.4,양품
LOT-2026-1204,2026-08-03 14:24:00,1호기,주간,134.4,120.9,1537.0,21.51,3.496,4.197,0.445,35.7,양품
LOT-2026-1204,2026-08-03 14:27:00,2호기,주간,135.0,123.7,1403.0,21.38,3.526,4.191,0.383,24.2,양품
LOT-2026-1204,2026-08-03 14:30:00,3호기,주간,132.6,117.0,1519.0,21.38,3.484,4.187,0.395,23.6,양품
LOT-2026-1204,2026-08-03 14:33:00,4호기,주간,133.0,115.5,1419.0,20.49,3.43,4.184,0.421,23.7,양품
LOT-2026-1204,2026-08-03 14:36:00,1호기,주간,131.5,120.5,1375.0,21.3,3.416,4.189,0.422,48.0,양품
LOT-2026-1204,2026-08-03 14:39:00,2호기,주간,128.8,118.0,1467.0,22.09,3.546,4.203,0.437,35.9,불량
LOT-2026-1204,2026-08-03 14:42:00,3호기,주간,127.1,122.3,1394.0,20.97,3.461,4.196,0.424,36.0,양품
LOT-2026-1204,2026-08-03 14:45:00,4호기,주간,127.5,122.5,1367.0,21.08,3.504,4.172,0.423,24.2,양품
LOT-2026-1204,2026-08-03 14:48:00,1호기,주간,134.6,119.4,1459.0,21.23,3.536,4.179,0.425,36.3,양품
LOT-2026-1204,2026-08-03 14:51:00,2호기,주간,131.4,117.6,1448.0,20.54,3.539,4.187,0.415,36.1,양품
LOT-2026-1204,2026-08-03 14:54:00,3호기,주간,133.6,121.7,1464.0,20.96,3.464,4.192,0.462,23.9,양품
LOT-2026-1204,2026-08-03 14:57:00,4호기,주간,133.8,116.6,1422.0,20.94,3.473,4.204,0.41,24.5,양품
LOT-2026-1204,2026-08-03 15:00:00,1호기,주간,132.2,121.2,1530.0,20.24,3.499,4.189,0.397,36.1,양품
LOT-2026-1204,2026-08-03 15:03:00,2호기,주간,132.1,117.2,1371.0,20.6,3.463,4.187,0.443,36.6,양품
LOT-2026-1204,2026-08-03 15:06:00,3호기,주간,132.6,115.8,1532.0,20.29,3.433,4.186,0.428,23.6,불량
LOT-2026-1204,2026-08-03 15:09:00,4호기,주간,132.8,121.6,1475.0,20.51,3.486,4.173,0.411,24.1,양품
LOT-2026-1204,2026-08-03 15:12:00,1호기,주간,133.3,118.5,1428.0,21.61,3.439,4.196,0.424,47.6,양품
LOT-2026-1204,2026-08-03 15:15:00,2호기,주간,130.6,118.5,1462.0,21.21,3.419,4.193,0.408,24.4,양품
LOT-2026-1204,2026-08-03 15:18:00,3호기,주간,131.4,119.9,1408.0,21.48,3.469,4.196,0.405,35.4,양품
LOT-2026-1204,2026-08-03 15:21:00,4호기,주간,131.3,119.8,1476.0,21.15,3.473,4.2,0.437,24.1,양품
LOT-2026-1204,2026-08-03 15:24:00,1호기,주간,127.2,119.4,1397.0,20.92,3.496,4.188,0.425,48.6,양품
LOT-2026-1204,2026-08-03 15:27:00,2호기,주간,132.6,118.6,1639.0,21.28,3.467,4.182,0.414,24.1,양품
LOT-2026-1204,2026-08-03 15:30:00,3호기,주간,132.6,118.7,1463.0,21.24,3.429,4.192,0.425,24.2,양품
LOT-2026-1204,2026-08-03 15:33:00,4호기,주간,135.1,117.3,1446.0,20.01,3.485,4.187,0.4,36.1,불량
LOT-2026-1204,2026-08-03 15:36:00,1호기,주간,133.6,114.5,1454.0,21.13,3.521,4.178,0.413,47.6,불량
LOT-2026-1204,2026-08-03 15:39:00,2호기,주간,130.2,120.7,1466.0,22.18,3.485,4.189,0.392,36.1,양품
LOT-2026-1204,2026-08-03 15:42:00,3호기,주간,133.0,120.2,1476.0,21.19,3.399,4.177,0.412,23.6,양품
LOT-2026-1204,2026-08-03 15:45:00,4호기,주간,132.7,118.3,1500.0,21.1,3.454,4.215,0.417,35.4,양품
LOT-2026-1204,2026-08-03 15:48:00,1호기,주간,131.5,117.3,1496.0,21.23,3.489,4.194,0.424,23.9,양품
LOT-2026-1204,2026-08-03 15:51:00,2호기,주간,132.7,119.2,1438.0,21.51,3.509,4.183,0.412,24.0,양품
LOT-2026-1204,2026-08-03 15:54:00,3호기,주간,131.4,118.6,1378.0,21.01,3.471,4.189,0.389,36.0,양품
LOT-2026-1204,2026-08-03 15:57:00,4호기,주간,129.6,120.4,1456.0,21.96,3.464,4.187,0.433,47.5,양품
LOT-2026-1205,2026-08-03 15:57:00,1호기,주간,132.4,118.4,1416.0,21.87,3.549,4.201,0.441,47.4,양품
LOT-2026-1205,2026-08-03 15:57:00,2호기,주간,132.6,119.5,1493.0,21.18,3.415,4.204,0.469,35.6,양품
LOT-2026-1205,2026-08-03 15:57:00,3호기,주간,130.7,120.6,1508.0,21.48,3.45,4.182,0.399,23.8,양품
LOT-2026-1205,2026-08-03 16:09:00,4호기,주간,130.8,117.2,1530.0,21.61,3.495,4.187,0.406,36.0,양품
LOT-2026-1205,2026-08-03 16:12:00,1호기,주간,135.1,114.4,1443.0,22.25,3.552,4.178,0.392,36.3,불량
LOT-2026-1205,2026-08-03 16:15:00,2호기,주간,132.2,117.2,1453.0,20.99,3.485,4.166,0.402,24.1,양품
LOT-2026-1205,2026-08-03 16:18:00,3호기,주간,132.5,117.7,1459.0,21.56,3.467,4.209,0.411,24.8,양품
LOT-2026-1205,2026-08-03 16:21:00,4호기,주간,132.9,115.5,1547.0,21.78,3.478,4.219,0.423,24.1,양품
LOT-2026-1205,2026-08-03 16:24:00,1호기,주간,130.7,116.8,1331.0,20.76,3.471,4.188,0.411,24.5,양품
LOT-2026-1205,2026-08-03 16:27:00,2호기,주간,131.8,117.3,1426.0,22.35,3.483,4.192,0.4,35.8,양품
LOT-2026-1205,2026-08-03 16:30:00,3호기,주간,135.6,117.9,1456.0,22.5,3.487,4.179,0.383,23.8,양품
LOT-2026-1205,2026-08-03 16:33:00,4호기,주간,131.5,119.0,1448.0,21.48,3.425,4.184,0.409,35.7,양품
LOT-2026-1205,2026-08-03 16:36:00,1호기,주간,129.8,119.1,1539.0,21.33,3.404,4.18,0.392,24.2,양품
LOT-2026-1205,2026-08-03 16:39:00,2호기,주간,129.9,117.6,1327.0,20.91,3.449,4.198,0.393,36.0,양품
LOT-2026-1205,2026-08-03 16:42:00,3호기,주간,131.5,118.2,1387.0,21.65,3.483,4.186,0.437,24.3,양품
LOT-2026-1205,2026-08-03 16:45:00,4호기,주간,131.5,121.4,1419.0,22.23,3.416,4.184,0.427,36.8,불량
LOT-2026-1205,2026-08-03 16:48:00,1호기,주간,131.0,116.6,1377.0,22.38,3.492,4.187,0.429,35.7,양품
LOT-2026-1205,2026-08-03 16:51:00,2호기,주간,133.5,116.7,1458.0,22.69,3.472,4.19,0.425,47.7,불량
LOT-2026-1205,2026-08-03 16:54:00,3호기,주간,131.3,118.7,1436.0,21.36,3.449,4.19,0.446,35.8,양품
LOT-2026-1205,2026-08-03 16:57:00,4호기,주간,134.7,118.0,1507.0,21.37,3.473,4.182,0.418,48.5,양품
LOT-2026-1205,2026-08-03 17:00:00,1호기,주간,132.4,119.9,1402.0,20.06,3.507,4.193,0.438,36.2,불량
LOT-2026-1205,2026-08-03 17:03:00,2호기,주간,129.4,118.5,1389.0,20.92,3.433,4.19,0.42,24.6,양품
LOT-2026-1205,2026-08-03 17:06:00,3호기,주간,129.1,115.8,1430.0,20.49,3.454,4.188,0.433,24.2,양품
LOT-2026-1205,2026-08-03 17:09:00,4호기,주간,133.9,120.6,1532.0,21.29,3.473,4.198,0.464,23.9,양품
LOT-2026-1205,2026-08-03 17:12:00,1호기,주간,129.3,123.5,1397.0,21.76,3.474,4.197,0.421,24.5,양품
LOT-2026-1205,2026-08-03 17:15:00,2호기,주간,132.9,115.7,1399.0,21.54,3.467,4.2,0.409,47.6,양품
LOT-2026-1205,2026-08-03 17:18:00,3호기,주간,133.1,118.3,1519.0,20.85,3.468,4.196,0.427,35.8,양품
LOT-2026-1205,2026-08-03 17:21:00,4호기,주간,130.9,119.8,1385.0,21.57,3.521,4.187,0.417,48.4,양품
LOT-2026-1205,2026-08-03 17:24:00,1호기,주간,135.6,115.0,1404.0,21.52,3.515,4.203,0.432,36.5,양품
LOT-2026-1205,2026-08-03 17:27:00,2호기,주간,131.3,118.6,1577.0,21.47,3.504,4.19,0.431,23.9,양품
LOT-2026-1205,2026-08-03 17:30:00,3호기,주간,134.1,117.1,1610.0,22.01,3.488,4.188,0.461,36.2,양품
LOT-2026-1205,2026-08-03 17:33:00,4호기,주간,133.8,117.4,1391.0,21.19,3.461,4.198,0.398,23.9,양품
LOT-2026-1205,2026-08-03 17:36:00,1호기,주간,129.4,118.7,1401.0,20.89,3.471,4.182,0.424,24.4,양품
LOT-2026-1205,2026-08-03 17:39:00,2호기,주간,127.8,119.9,1438.0,20.35,3.425,4.191,0.393,49.1,불량
LOT-2026-1205,2026-08-03 17:42:00,3호기,주간,132.1,121.7,1419.0,21.62,3.574,4.19,0.401,36.2,양품
LOT-2026-1205,2026-08-03 17:45:00,4호기,주간,131.7,120.8,1516.0,21.37,3.575,4.192,0.402,23.4,양품
LOT-2026-1205,2026-08-03 17:48:00,1호기,주간,133.7,115.1,1460.0,21.38,3.521,4.191,0.416,23.8,양품
LOT-2026-1205,2026-08-03 17:51:00,2호기,주간,131.3,117.4,1381.0,21.46,3.446,4.188,0.385,23.8,양품
LOT-2026-1205,2026-08-03 17:54:00,3호기,주간,129.2,119.3,1497.0,21.73,3.466,4.195,0.444,23.4,양품
LOT-2026-1205,2026-08-03 17:57:00,4호기,주간,132.8,117.1,1532.0,21.48,3.464,4.209,0.416,36.2,양품
LOT-2026-1206,2026-08-03 18:00:00,1호기,야간,134.7,116.0,1461.0,21.05,3.457,4.19,0.397,47.5,양품
LOT-2026-1206,2026-08-03 18:03:00,2호기,야간,135.5,120.3,1392.0,20.33,3.51,4.194,0.397,24.3,양품
LOT-2026-1206,2026-08-03 18:06:00,3호기,야간,128.2,115.7,1427.0,20.73,3.474,4.17,0.408,23.6,양품
LOT-2026-1206,2026-08-03 18:09:00,4호기,야간,129.8,121.6,1335.0,20.84,3.506,4.197,0.422,24.4,양품
LOT-2026-1206,2026-08-03 18:12:00,1호기,야간,129.7,116.5,1377.0,20.49,3.457,4.192,0.442,24.0,양품
LOT-2026-1206,2026-08-03 18:15:00,2호기,야간,131.6,118.0,1450.0,21.52,3.523,4.214,0.415,48.0,양품
LOT-2026-1206,2026-08-03 18:18:00,3호기,야간,133.6,118.9,1305.0,20.02,3.422,4.199,0.425,23.4,불량
LOT-2026-1206,2026-08-03 18:21:00,4호기,야간,130.6,114.9,1507.0,20.96,3.452,4.178,0.438,47.6,양품
LOT-2026-1206,2026-08-03 18:24:00,1호기,야간,129.6,118.1,1470.0,20.82,3.521,4.196,0.421,47.1,양품
LOT-2026-1206,2026-08-03 18:27:00,2호기,야간,130.1,116.3,1609.0,20.91,3.494,4.186,0.413,36.1,양품
LOT-2026-1206,2026-08-03 18:30:00,3호기,야간,129.3,118.1,1513.0,20.71,3.448,4.176,0.402,48.0,양품
LOT-2026-1206,2026-08-03 18:33:00,4호기,야간,133.9,116.8,1427.0,20.12,3.452,4.192,0.435,24.0,불량
LOT-2026-1206,2026-08-03 18:36:00,1호기,야간,135.9,121.1,1502.0,20.77,3.501,4.191,0.427,23.2,양품
LOT-2026-1206,2026-08-03 18:39:00,2호기,야간,131.6,118.2,1463.0,21.15,3.429,4.192,0.43,47.8,양품
LOT-2026-1206,2026-08-03 18:42:00,3호기,야간,129.3,117.6,1389.0,20.88,3.46,4.18,0.431,36.8,양품
LOT-2026-1206,2026-08-03 18:45:00,4호기,야간,131.6,117.3,1380.0,20.96,3.446,4.186,0.424,24.0,양품
LOT-2026-1206,2026-08-03 18:48:00,1호기,야간,136.1,117.2,1480.0,21.07,3.486,4.175,0.437,35.7,양품
LOT-2026-1206,2026-08-03 18:51:00,2호기,야간,130.1,116.9,1392.0,20.82,3.501,4.193,0.416,23.8,양품
LOT-2026-1206,2026-08-03 18:54:00,3호기,야간,132.6,116.6,1357.0,19.96,3.4,4.18,0.441,23.7,불량
LOT-2026-1206,2026-08-03 18:57:00,4호기,야간,131.5,119.5,1514.0,21.28,3.414,4.19,0.455,47.6,양품
LOT-2026-1206,2026-08-03 19:00:00,1호기,야간,134.2,119.7,1454.0,21.38,3.368,4.199,0.424,47.9,양품
LOT-2026-1206,2026-08-03 19:03:00,2호기,야간,134.6,117.6,1453.0,21.29,3.537,4.203,0.446,36.4,양품
LOT-2026-1206,2026-08-03 19:06:00,3호기,야간,128.6,118.4,1407.0,21.06,3.395,4.176,0.434,35.7,양품
LOT-2026-1206,2026-08-03 19:09:00,4호기,야간,134.5,119.7,1430.0,20.53,3.449,4.191,0.419,23.7,양품
LOT-2026-1206,2026-08-03 19:12:00,1호기,야간,132.4,119.6,1449.0,20.94,3.428,4.206,0.427,24.5,불량
LOT-2026-1206,2026-08-03 19:15:00,2호기,야간,130.9,119.1,1371.0,21.19,3.485,4.184,0.442,48.4,양품
LOT-2026-1206,2026-08-03 19:18:00,3호기,야간,134.7,122.8,1491.0,21.39,3.508,4.201,0.472,24.0,양품
LOT-2026-1206,2026-08-03 19:21:00,4호기,야간,132.1,117.2,1453.0,21.81,3.496,4.193,0.427,47.6,양품
LOT-2026-1206,2026-08-03 19:24:00,1호기,야간,130.4,117.0,1394.0,21.34,3.548,4.185,0.428,23.9,양품
LOT-2026-1206,2026-08-03 19:27:00,2호기,야간,131.6,118.5,1345.0,22.06,3.499,4.18,0.409,48.7,양품
LOT-2026-1206,2026-08-03 19:30:00,3호기,야간,131.1,111.4,1469.0,20.66,3.5,4.198,0.422,24.2,양품
LOT-2026-1206,2026-08-03 19:33:00,4호기,야간,132.4,119.5,1482.0,21.84,3.459,4.189,0.446,36.3,양품
LOT-2026-1206,2026-08-03 19:36:00,1호기,야간,132.4,118.7,1470.0,20.8,3.498,4.189,0.403,24.5,양품
LOT-2026-1206,2026-08-03 19:39:00,2호기,야간,128.0,119.3,1449.0,20.7,3.449,4.181,0.455,23.5,양품
LOT-2026-1206,2026-08-03 19:42:00,3호기,야간,132.3,118.9,1461.0,21.18,3.526,4.208,0.445,24.3,양품
LOT-2026-1206,2026-08-03 19:45:00,4호기,야간,131.4,120.4,1462.0,20.67,3.505,4.174,0.435,24.2,양품
LOT-2026-1206,2026-08-03 19:48:00,1호기,야간,132.4,119.4,1516.0,21.13,3.415,4.19,0.397,23.7,양품
LOT-2026-1206,2026-08-03 19:51:00,2호기,야간,133.6,118.3,1395.0,21.11,3.427,4.183,0.433,24.5,양품
LOT-2026-1206,2026-08-03 19:54:00,3호기,야간,131.3,118.5,1537.0,21.18,3.423,4.197,0.438,24.6,양품
LOT-2026-1206,2026-08-03 19:57:00,4호기,야간,131.8,116.9,1502.0,21.94,3.473,4.163,0.434,47.9,양품
LOT-2026-1207,2026-08-03 20:00:00,1호기,야간,129.8,117.9,1457.0,21.74,3.497,4.187,0.401,47.2,양품
LOT-2026-1207,2026-08-03 20:03:00,2호기,야간,132.8,119.9,1425.0,20.63,3.497,4.196,0.428,24.0,양품
LOT-2026-1207,2026-08-03 20:06:00,3호기,야간,133.2,118.1,1459.0,21.11,3.48,4.192,0.404,24.3,양품
LOT-2026-1207,2026-08-03 20:09:00,4호기,야간,134.9,119.5,1480.0,20.81,3.521,4.161,0.409,48.7,양품
LOT-2026-1207,2026-08-03 20:12:00,1호기,야간,129.8,121.7,1488.0,20.58,3.48,4.195,0.437,23.2,양품
LOT-2026-1207,2026-08-03 20:15:00,2호기,야간,131.7,117.9,1440.0,20.9,3.433,4.197,0.415,48.4,불량
LOT-2026-1207,2026-08-03 20:18:00,3호기,야간,132.3,119.7,1370.0,21.52,3.45,4.199,0.396,24.7,양품
LOT-2026-1207,2026-08-03 20:21:00,4호기,야간,132.7,117.1,1502.0,22.1,3.53,4.191,0.417,49.0,양품
LOT-2026-1207,2026-08-03 20:24:00,1호기,야간,126.6,117.1,1471.0,23.15,3.471,4.198,0.473,48.6,불량
LOT-2026-1207,2026-08-03 20:27:00,2호기,야간,131.0,118.5,1421.0,21.37,3.508,4.193,0.393,23.7,양품
LOT-2026-1207,2026-08-03 20:30:00,3호기,야간,130.1,117.5,1485.0,21.58,3.519,4.185,0.456,48.1,양품
LOT-2026-1207,2026-08-03 20:33:00,4호기,야간,133.8,120.6,1496.0,21.31,3.456,4.195,0.409,24.4,양품
LOT-2026-1207,2026-08-03 20:36:00,1호기,야간,130.4,118.0,1420.0,21.12,3.5,4.186,0.396,36.0,양품
LOT-2026-1207,2026-08-03 20:39:00,2호기,야간,134.2,116.9,1440.0,21.67,3.523,4.176,0.365,47.3,양품
LOT-2026-1207,2026-08-03 20:42:00,3호기,야간,133.8,122.0,1485.0,21.59,3.418,4.184,0.434,48.9,양품
LOT-2026-1207,2026-08-03 20:45:00,4호기,야간,132.5,120.1,1369.0,21.66,3.478,4.208,0.443,24.2,양품
LOT-2026-1207,2026-08-03 20:48:00,1호기,야간,132.7,118.2,1461.0,21.14,3.474,4.186,0.419,35.6,양품
LOT-2026-1207,2026-08-03 20:51:00,2호기,야간,131.0,120.6,1531.0,21.44,3.514,4.194,0.384,47.7,불량
LOT-2026-1207,2026-08-03 20:54:00,3호기,야간,130.7,120.3,1492.0,21.85,3.433,4.19,0.455,24.4,양품
LOT-2026-1207,2026-08-03 20:57:00,4호기,야간,129.5,121.6,1409.0,21.55,3.509,4.185,0.411,23.6,양품
LOT-2026-1207,2026-08-03 21:00:00,1호기,야간,271.2,114.8,1459.0,21.72,3.471,4.187,0.444,47.4,양품
LOT-2026-1207,2026-08-03 21:03:00,2호기,야간,270.7,117.6,1453.0,22.04,3.494,4.182,0.448,47.9,양품
LOT-2026-1207,2026-08-03 21:06:00,3호기,야간,268.0,116.9,1424.0,21.71,3.445,4.178,0.412,48.3,양품
LOT-2026-1207,2026-08-03 21:09:00,4호기,야간,272.5,119.6,1458.0,21.93,3.452,4.163,0.447,24.6,양품
LOT-2026-1207,2026-08-03 21:12:00,1호기,야간,264.6,118.6,1473.0,22.08,3.482,4.197,0.436,48.5,양품
LOT-2026-1207,2026-08-03 21:15:00,2호기,야간,271.6,118.3,1472.0,21.67,3.464,4.197,0.422,35.8,양품
LOT-2026-1207,2026-08-03 21:18:00,3호기,야간,275.7,117.3,1465.0,20.46,3.491,4.186,0.403,23.4,양품
LOT-2026-1207,2026-08-03 21:21:00,4호기,야간,273.6,117.1,1468.0,21.51,3.427,4.184,0.424,24.7,양품
LOT-2026-1207,2026-08-03 21:24:00,1호기,야간,271.8,117.3,1421.0,21.92,3.515,4.178,0.403,24.5,양품
LOT-2026-1207,2026-08-03 21:27:00,2호기,야간,269.8,118.3,1448.0,21.02,3.47,4.193,0.424,23.5,양품
LOT-2026-1207,2026-08-03 21:30:00,3호기,야간,273.7,117.0,1460.0,21.27,3.509,4.193,0.405,47.6,양품
LOT-2026-1207,2026-08-03 21:33:00,4호기,야간,268.3,117.8,1432.0,21.91,3.492,4.18,0.436,24.2,양품
LOT-2026-1207,2026-08-03 21:36:00,1호기,야간,268.5,117.0,1417.0,21.48,3.494,4.194,0.416,23.3,양품
LOT-2026-1207,2026-08-03 21:39:00,2호기,야간,269.8,119.3,1402.0,22.35,3.527,4.184,0.421,36.3,불량
LOT-2026-1207,2026-08-03 21:42:00,3호기,야간,267.1,118.0,1469.0,21.61,3.446,4.2,0.431,23.2,양품
LOT-2026-1207,2026-08-03 21:45:00,4호기,야간,263.1,115.8,1488.0,21.41,3.482,4.183,0.435,23.8,양품
LOT-2026-1207,2026-08-03 21:48:00,1호기,야간,270.9,118.3,1417.0,21.73,3.439,4.201,0.41,23.9,양품
LOT-2026-1207,2026-08-03 21:51:00,2호기,야간,269.1,120.2,1468.0,21.07,3.514,4.181,0.452,35.9,양품
LOT-2026-1207,2026-08-03 21:54:00,3호기,야간,267.1,119.8,1524.0,20.45,3.507,4.186,0.375,48.6,양품
LOT-2026-1207,2026-08-03 21:57:00,4호기,야간,268.3,118.6,1516.0,21.24,3.376,4.199,0.445,23.3,불량
LOT-2026-1208,2026-08-03 22:00:00,1호기,야간,263.1,113.7,1439.0,21.53,3.448,4.191,0.438,23.8,양품
LOT-2026-1208,2026-08-03 22:03:00,2호기,야간,264.4,118.1,1440.0,21.39,3.449,4.186,0.432,37.0,양품
LOT-2026-1208,2026-08-03 22:06:00,3호기,야간,276.8,117.4,1511.0,21.05,3.495,4.208,0.452,24.5,양품
LOT-2026-1208,2026-08-03 22:09:00,4호기,야간,264.7,120.2,1482.0,21.41,3.41,4.199,0.457,23.5,양품
LOT-2026-1208,2026-08-03 22:12:00,1호기,야간,271.4,116.0,1443.0,21.0,3.366,4.19,0.439,23.7,양품
LOT-2026-1208,2026-08-03 22:15:00,2호기,야간,268.7,119.6,1406.0,21.34,3.435,4.213,0.416,36.4,양품
LOT-2026-1208,2026-08-03 22:18:00,3호기,야간,268.2,119.1,1369.0,21.1,3.509,4.206,0.428,24.2,양품
LOT-2026-1208,2026-08-03 22:21:00,4호기,야간,278.6,112.1,1423.0,20.57,3.462,4.191,0.44,24.3,양품
LOT-2026-1208,2026-08-03 22:24:00,1호기,야간,265.8,116.1,1504.0,20.32,3.512,4.196,0.419,35.3,양품
LOT-2026-1208,2026-08-03 22:27:00,2호기,야간,270.1,116.1,1439.0,21.76,3.45,4.202,0.404,47.8,양품
LOT-2026-1208,2026-08-03 22:30:00,3호기,야간,267.6,119.6,1363.0,21.77,3.437,4.185,0.411,48.1,양품
LOT-2026-1208,2026-08-03 22:33:00,4호기,야간,272.3,119.7,1358.0,21.85,3.479,4.21,0.441,35.7,양품
LOT-2026-1208,2026-08-03 22:36:00,1호기,야간,268.3,120.1,1422.0,21.95,3.4,4.186,0.43,47.7,양품
LOT-2026-1208,2026-08-03 22:39:00,2호기,야간,272.1,119.1,1451.0,21.38,3.484,4.185,0.425,48.3,양품
LOT-2026-1208,2026-08-03 22:42:00,3호기,야간,264.9,123.0,1494.0,21.14,3.476,4.184,0.419,24.2,양품
LOT-2026-1208,2026-08-03 22:45:00,4호기,야간,271.6,118.7,1399.0,20.27,3.428,4.191,0.434,24.7,불량
LOT-2026-1208,2026-08-03 22:48:00,1호기,야간,268.3,117.6,1481.0,21.48,3.499,4.198,0.423,36.0,양품
LOT-2026-1208,2026-08-03 22:51:00,2호기,야간,274.1,118.4,1482.0,20.44,3.509,4.188,0.431,24.0,양품
LOT-2026-1208,2026-08-03 22:54:00,3호기,야간,268.7,119.1,1488.0,20.7,3.5,4.184,0.432,36.3,양품
LOT-2026-1208,2026-08-03 22:57:00,4호기,야간,261.7,121.7,1515.0,21.46,3.353,4.187,0.439,47.9,양품
LOT-2026-1208,2026-08-03 23:00:00,1호기,야간,268.2,121.7,1488.0,22.29,3.451,4.199,0.446,35.5,양품
LOT-2026-1208,2026-08-03 23:03:00,2호기,야간,270.5,119.4,1449.0,20.73,3.481,4.191,0.416,48.4,양품
LOT-2026-1208,2026-08-03 23:06:00,3호기,야간,270.3,116.9,1490.0,21.67,3.578,4.197,0.435,36.3,양품
LOT-2026-1208,2026-08-03 23:09:00,4호기,야간,266.7,121.7,1439.0,21.03,3.454,4.195,0.439,35.6,양품
LOT-2026-1208,2026-08-03 23:12:00,1호기,야간,265.8,120.0,1520.0,21.44,3.477,4.188,0.417,24.7,양품
LOT-2026-1208,2026-08-03 23:15:00,2호기,야간,270.1,118.7,1426.0,20.75,3.501,4.171,0.419,36.4,양품
LOT-2026-1208,2026-08-03 23:18:00,3호기,야간,268.7,119.6,1412.0,21.65,3.461,4.193,0.41,24.2,양품
LOT-2026-1208,2026-08-03 23:21:00,4호기,야간,275.4,120.3,1371.0,21.48,3.42,4.209,0.416,24.4,양품
LOT-2026-1208,2026-08-03 23:24:00,1호기,야간,128.7,113.9,1375.0,21.26,3.455,4.202,0.411,23.9,양품
LOT-2026-1208,2026-08-03 23:27:00,2호기,야간,133.9,117.9,1427.0,21.91,3.48,4.193,0.44,36.2,양품
LOT-2026-1208,2026-08-03 23:30:00,3호기,야간,129.6,120.8,1500.0,20.87,3.453,4.187,0.423,23.7,양품
LOT-2026-1208,2026-08-03 23:33:00,4호기,야간,132.2,118.7,1443.0,20.49,3.433,4.194,0.429,35.7,양품
LOT-2026-1208,2026-08-03 23:36:00,1호기,야간,132.3,118.0,1489.0,21.11,3.485,4.19,0.439,47.7,양품
LOT-2026-1208,2026-08-03 23:39:00,2호기,야간,131.3,115.3,1443.0,20.74,3.402,4.19,0.413,23.3,양품
LOT-2026-1208,2026-08-03 23:42:00,3호기,야간,133.8,118.9,1492.0,20.64,3.477,4.199,0.418,47.5,양품
LOT-2026-1208,2026-08-03 23:45:00,4호기,야간,132.2,119.5,1471.0,21.25,3.428,4.184,0.401,23.7,양품
LOT-2026-1208,2026-08-03 23:48:00,1호기,야간,131.5,117.6,1405.0,21.03,3.46,4.21,0.412,23.9,양품
LOT-2026-1208,2026-08-03 23:51:00,2호기,야간,136.4,117.2,1434.0,20.36,3.511,4.189,0.417,23.9,양품
LOT-2026-1208,2026-08-03 23:54:00,3호기,야간,132.3,120.9,1329.0,21.45,3.502,4.18,0.412,47.7,양품
LOT-2026-1208,2026-08-03 23:57:00,4호기,야간,130.8,114.9,1487.0,21.53,3.487,4.191,0.401,48.6,양품
LOT-2026-1209,2026-08-04 00:00:00,1호기,야간,131.7,118.7,1358.0,20.92,3.529,4.198,0.433,24.2,양품
LOT-2026-1209,2026-08-04 00:03:00,2호기,야간,131.4,115.4,1519.0,20.5,3.491,4.195,0.413,24.0,양품
LOT-2026-1209,2026-08-04 00:06:00,3호기,야간,131.0,113.2,1481.0,20.98,3.49,4.19,0.415,47.8,양품
LOT-2026-1209,2026-08-04 00:09:00,4호기,야간,129.5,116.3,1405.0,21.57,3.467,4.187,0.432,47.2,양품
LOT-2026-1209,2026-08-04 00:12:00,1호기,야간,133.5,120.5,1380.0,21.83,3.54,4.189,0.425,24.6,양품
LOT-2026-1209,2026-08-04 00:15:00,2호기,야간,128.0,118.3,1518.0,21.54,3.492,4.18,0.417,24.7,양품
LOT-2026-1209,2026-08-04 00:18:00,3호기,야간,131.2,120.9,1423.0,21.17,3.483,4.183,0.423,24.3,양품
LOT-2026-1209,2026-08-04 00:21:00,4호기,야간,134.9,121.6,1518.0,22.38,3.44,4.178,0.41,47.6,불량
LOT-2026-1209,2026-08-04 00:24:00,1호기,야간,130.6,115.8,1412.0,21.01,3.503,4.199,0.391,47.7,양품
LOT-2026-1209,2026-08-04 00:27:00,2호기,야간,127.1,118.7,1542.0,21.31,3.555,4.198,0.398,47.5,양품
LOT-2026-1209,2026-08-04 00:30:00,3호기,야간,131.3,117.1,1463.0,21.46,3.454,4.185,0.424,24.1,양품
LOT-2026-1209,2026-08-04 00:33:00,4호기,야간,135.9,117.1,1414.0,21.36,3.467,4.187,0.447,48.3,양품
LOT-2026-1209,2026-08-04 00:36:00,1호기,야간,130.4,120.6,1549.0,21.83,3.484,4.193,0.436,23.2,양품
LOT-2026-1209,2026-08-04 00:39:00,2호기,야간,134.5,121.1,1310.0,21.61,3.536,4.173,0.421,36.0,양품
LOT-2026-1209,2026-08-04 00:42:00,3호기,야간,131.9,123.2,1350.0,21.35,3.446,4.177,0.424,48.3,양품
LOT-2026-1209,2026-08-04 00:45:00,4호기,야간,131.0,118.9,1402.0,22.14,3.433,4.189,0.418,23.9,양품
LOT-2026-1209,2026-08-04 00:48:00,1호기,야간,132.6,118.9,1388.0,21.19,3.547,4.202,0.4,47.8,양품
LOT-2026-1209,2026-08-04 00:51:00,2호기,야간,133.0,120.4,1375.0,21.89,3.426,4.176,0.44,47.8,양품
LOT-2026-1209,2026-08-04 00:54:00,3호기,야간,131.7,118.1,1415.0,22.55,3.515,4.201,0.409,23.8,불량
LOT-2026-1209,2026-08-04 00:57:00,4호기,야간,131.9,119.6,1486.0,22.28,3.493,4.181,0.396,24.0,양품
LOT-2026-1209,2026-08-04 01:00:00,1호기,야간,129.7,120.4,1477.0,21.46,3.452,4.189,0.398,36.4,양품
LOT-2026-1209,2026-08-04 01:03:00,2호기,야간,131.9,121.4,1399.0,20.84,3.478,4.186,0.408,47.9,양품
LOT-2026-1209,2026-08-04 01:06:00,3호기,야간,127.6,118.2,1488.0,21.03,3.473,4.185,0.406,24.0,양품
LOT-2026-1209,2026-08-04 01:09:00,4호기,야간,131.6,118.5,1443.0,22.03,3.486,4.182,0.422,36.4,양품
LOT-2026-1209,2026-08-04 01:12:00,1호기,야간,132.3,114.7,1315.0,20.74,3.445,4.17,0.447,23.9,양품
LOT-2026-1209,2026-08-04 01:15:00,2호기,야간,133.7,115.4,1428.0,21.41,3.479,4.187,0.418,23.4,양품
LOT-2026-1209,2026-08-04 01:18:00,3호기,야간,133.7,116.9,1515.0,21.54,3.454,4.215,0.434,47.6,양품
LOT-2026-1209,2026-08-04 01:21:00,4호기,야간,130.5,123.1,1435.0,22.25,3.456,4.202,0.419,23.2,불량
LOT-2026-1209,2026-08-04 01:24:00,1호기,야간,131.8,120.8,1417.0,21.72,3.435,4.198,0.417,36.1,양품
LOT-2026-1209,2026-08-04 01:27:00,2호기,야간,129.4,120.9,1445.0,21.98,3.466,4.192,0.413,24.2,양품
LOT-2026-1209,2026-08-04 01:30:00,3호기,야간,134.2,113.5,1586.0,22.02,3.514,4.186,0.367,24.1,양품
LOT-2026-1209,2026-08-04 01:33:00,4호기,야간,131.6,118.4,1465.0,21.77,3.53,4.198,0.459,36.6,양품
LOT-2026-1209,2026-08-04 01:36:00,1호기,야간,132.6,117.3,1421.0,21.65,3.489,4.199,0.438,47.9,양품
LOT-2026-1209,2026-08-04 01:39:00,2호기,야간,131.3,116.3,1480.0,20.76,3.449,4.193,0.428,24.0,양품
LOT-2026-1209,2026-08-04 01:42:00,3호기,야간,130.3,121.1,1421.0,21.5,3.449,4.186,0.419,48.2,양품
LOT-2026-1209,2026-08-04 01:45:00,4호기,야간,130.4,119.9,1380.0,21.04,3.448,4.197,0.398,24.7,양품
LOT-2026-1209,2026-08-04 01:48:00,1호기,야간,131.5,120.2,1473.0,20.89,3.412,4.181,0.402,47.9,양품
LOT-2026-1209,2026-08-04 01:51:00,2호기,야간,135.4,117.8,1544.0,21.77,3.413,4.199,0.404,24.2,양품
LOT-2026-1209,2026-08-04 01:54:00,3호기,야간,131.0,119.1,1511.0,22.11,3.506,4.192,0.412,47.4,양품
LOT-2026-1209,2026-08-04 01:57:00,4호기,야간,130.4,120.0,1450.0,21.28,3.533,4.19,0.404,24.3,양품
LOT-2026-1210,2026-08-04 02:00:00,1호기,야간,132.7,116.1,1403.0,21.7,3.556,4.195,0.427,23.7,양품
LOT-2026-1210,2026-08-04 02:03:00,2호기,야간,131.7,117.5,1448.0,21.49,3.493,4.19,0.416,24.0,양품
LOT-2026-1210,2026-08-04 02:06:00,3호기,야간,131.2,117.0,1496.0,21.76,3.518,4.185,0.422,23.3,양품
LOT-2026-1210,2026-08-04 02:09:00,4호기,야간,132.9,115.0,1454.0,21.05,3.426,4.196,0.401,24.2,양품
LOT-2026-1210,2026-08-04 02:12:00,1호기,야간,129.2,117.7,1343.0,22.1,3.503,4.188,0.422,23.8,양품
LOT-2026-1210,2026-08-04 02:15:00,2호기,야간,127.3,119.9,1446.0,21.65,3.429,4.178,0.412,23.9,양품
LOT-2026-1210,2026-08-04 02:18:00,3호기,야간,130.7,122.8,1510.0,22.08,3.458,4.175,0.438,24.7,양품
LOT-2026-1210,2026-08-04 02:21:00,4호기,야간,131.0,118.0,1455.0,21.55,3.446,4.197,0.434,36.0,양품
LOT-2026-1210,2026-08-04 02:24:00,1호기,야간,131.5,116.3,1463.0,21.12,3.478,4.194,0.452,36.3,양품
LOT-2026-1210,2026-08-04 02:27:00,2호기,야간,132.6,113.9,1449.0,21.02,3.494,4.2,0.434,48.7,양품
LOT-2026-1210,2026-08-04 02:24:00,3호기,야간,131.6,114.8,1454.0,20.79,3.44,4.183,0.435,23.7,양품
LOT-2026-1210,2026-08-04 02:27:00,4호기,야간,129.2,117.4,1527.0,21.63,3.444,4.182,0.429,24.2,양품
LOT-2026-1210,2026-08-04 02:36:00,1호기,야간,129.8,117.4,1489.0,21.97,3.506,4.194,0.427,48.1,양품
LOT-2026-1210,2026-08-04 02:39:00,2호기,야간,132.2,116.9,1351.0,20.25,3.432,4.188,0.415,35.7,불량
LOT-2026-1210,2026-08-04 02:42:00,3호기,야간,128.5,122.3,1512.0,21.54,3.403,4.196,0.408,23.9,양품
LOT-2026-1210,2026-08-04 02:45:00,4호기,야간,132.5,120.9,1504.0,20.13,3.518,4.19,0.444,23.9,불량
LOT-2026-1210,2026-08-04 02:48:00,1호기,야간,132.6,120.2,1482.0,21.63,3.508,4.166,0.434,48.6,양품
LOT-2026-1210,2026-08-04 02:51:00,2호기,야간,132.3,119.4,1396.0,22.26,3.441,4.199,0.415,48.0,양품
LOT-2026-1210,2026-08-04 02:54:00,3호기,야간,130.1,117.3,1447.0,21.36,3.513,4.183,0.45,24.2,양품
LOT-2026-1210,2026-08-04 02:57:00,4호기,야간,132.9,117.0,1514.0,21.76,3.493,4.187,0.442,23.4,양품
LOT-2026-1210,2026-08-04 03:00:00,1호기,야간,131.6,117.6,1429.0,21.99,3.476,4.187,0.442,47.3,양품
LOT-2026-1210,2026-08-04 03:03:00,2호기,야간,132.2,118.3,1389.0,21.69,3.4,4.212,0.45,24.2,양품
LOT-2026-1210,2026-08-04 03:06:00,3호기,야간,130.5,118.1,1442.0,21.39,3.545,4.188,0.442,24.0,양품
LOT-2026-1210,2026-08-04 03:09:00,4호기,야간,130.5,116.7,1352.0,21.28,3.521,4.192,0.437,24.6,양품
LOT-2026-1210,2026-08-04 03:12:00,1호기,야간,130.3,117.6,1497.0,21.28,3.431,4.194,0.416,48.5,양품
LOT-2026-1210,2026-08-04 03:15:00,2호기,야간,131.7,119.3,1532.0,21.4,3.436,4.186,0.425,36.4,양품
LOT-2026-1210,2026-08-04 03:18:00,3호기,야간,134.7,117.5,1549.0,20.86,3.46,4.203,0.427,24.3,양품
LOT-2026-1210,2026-08-04 03:21:00,4호기,야간,132.0,120.6,1437.0,21.17,3.478,4.203,0.444,36.5,양품
LOT-2026-1210,2026-08-04 03:24:00,1호기,야간,131.5,117.7,1509.0,21.09,3.495,4.187,0.412,36.5,양품
LOT-2026-1210,2026-08-04 03:27:00,2호기,야간,130.2,120.4,1379.0,21.98,3.452,4.174,0.431,47.7,양품
LOT-2026-1210,2026-08-04 03:30:00,3호기,야간,130.7,119.6,1377.0,21.05,3.569,4.201,0.422,24.3,양품
LOT-2026-1210,2026-08-04 03:33:00,4호기,야간,130.7,122.5,1493.0,21.31,3.484,4.202,0.4,23.7,양품
LOT-2026-1210,2026-08-04 03:36:00,1호기,야간,133.3,112.8,1456.0,21.74,3.553,4.202,0.419,23.4,양품
LOT-2026-1210,2026-08-04 03:39:00,2호기,야간,135.6,113.0,1490.0,21.26,3.467,4.188,0.408,36.2,양품
LOT-2026-1210,2026-08-04 03:42:00,3호기,야간,132.8,115.6,1459.0,21.44,3.438,4.187,0.407,47.6,양품
LOT-2026-1210,2026-08-04 03:45:00,4호기,야간,132.8,120.0,1449.0,21.07,3.454,4.185,0.405,47.5,양품
LOT-2026-1210,2026-08-04 03:48:00,1호기,야간,131.1,118.4,1533.0,22.36,3.537,4.182,0.391,23.6,불량
LOT-2026-1210,2026-08-04 03:51:00,2호기,야간,133.8,116.3,1552.0,20.93,3.52,4.178,0.422,47.4,양품
LOT-2026-1210,2026-08-04 03:54:00,3호기,야간,133.6,116.6,1504.0,21.63,3.463,4.19,0.435,48.1,양품
LOT-2026-1210,2026-08-04 03:57:00,4호기,야간,132.1,116.5,1553.0,22.07,3.526,4.185,0.426,23.4,양품
LOT-2026-1211,2026-08-04 04:00:00,1호기,야간,132.2,115.8,1452.0,20.13,3.408,4.194,0.402,36.2,불량
LOT-2026-1211,2026-08-04 04:03:00,2호기,야간,130.1,118.0,1417.0,21.33,3.486,4.196,0.445,47.6,불량
LOT-2026-1211,2026-08-04 04:06:00,3호기,야간,132.6,120.5,1392.0,20.82,3.493,4.183,0.444,24.0,양품
LOT-2026-1211,2026-08-04 04:09:00,4호기,야간,130.4,118.1,1501.0,21.25,3.454,4.199,0.448,24.3,양품
LOT-2026-1211,2026-08-04 04:12:00,1호기,야간,130.7,120.6,1368.0,20.93,3.458,4.172,0.434,48.1,양품
LOT-2026-1211,2026-08-04 04:15:00,2호기,야간,130.5,122.6,1455.0,20.9,3.457,4.198,0.427,23.7,양품
LOT-2026-1211,2026-08-04 04:18:00,3호기,야간,130.4,120.2,1443.0,21.52,3.492,4.176,0.418,24.1,양품
LOT-2026-1211,2026-08-04 04:21:00,4호기,야간,132.2,114.8,1401.0,20.93,3.49,4.193,0.406,24.0,양품
LOT-2026-1211,2026-08-04 04:24:00,1호기,야간,131.0,120.2,1373.0,21.02,3.481,4.184,0.443,23.8,양품
LOT-2026-1211,2026-08-04 04:27:00,2호기,야간,135.4,113.3,1467.0,20.91,3.498,4.197,0.432,23.4,양품
LOT-2026-1211,2026-08-04 04:30:00,3호기,야간,136.6,121.1,1555.0,20.34,3.436,4.181,0.428,36.5,불량
LOT-2026-1211,2026-08-04 04:33:00,4호기,야간,132.1,121.2,1422.0,19.9,3.418,4.177,0.396,48.6,불량
LOT-2026-1211,2026-08-04 04:36:00,1호기,야간,133.2,120.4,1471.0,20.38,3.492,4.187,0.437,36.3,양품
LOT-2026-1211,2026-08-04 04:39:00,2호기,야간,132.7,118.2,1412.0,21.41,3.409,4.197,0.438,47.6,양품
LOT-2026-1211,2026-08-04 04:42:00,3호기,야간,130.9,116.6,1556.0,20.71,3.504,4.189,0.426,48.5,양품
LOT-2026-1211,2026-08-04 04:45:00,4호기,야간,131.6,116.0,1438.0,21.01,3.403,4.212,0.435,23.8,양품
LOT-2026-1211,2026-08-04 04:48:00,1호기,야간,133.0,120.8,1443.0,20.8,3.434,4.197,0.424,47.7,양품
LOT-2026-1211,2026-08-04 04:51:00,2호기,야간,128.6,129.0,1461.0,22.05,3.507,4.2,0.429,35.8,양품
LOT-2026-1211,2026-08-04 04:54:00,3호기,야간,132.5,121.6,1409.0,21.34,3.45,4.189,0.461,24.1,양품
LOT-2026-1211,2026-08-04 04:57:00,4호기,야간,131.3,118.8,1464.0,21.39,3.493,4.21,0.41,35.7,양품
LOT-2026-1211,2026-08-04 05:00:00,1호기,야간,132.9,118.9,1511.0,21.03,3.404,4.194,0.402,23.8,양품
LOT-2026-1211,2026-08-04 05:03:00,2호기,야간,132.2,118.1,1515.0,21.34,3.437,4.193,0.432,24.3,양품
LOT-2026-1211,2026-08-04 05:06:00,3호기,야간,131.1,114.0,1383.0,20.62,3.545,4.193,0.438,24.7,양품
LOT-2026-1211,2026-08-04 05:09:00,4호기,야간,135.0,119.2,1422.0,21.66,3.498,4.185,0.394,23.9,양품
LOT-2026-1211,2026-08-04 05:12:00,1호기,야간,136.5,118.0,1436.0,20.72,3.486,4.183,0.387,36.9,양품
LOT-2026-1211,2026-08-04 05:15:00,2호기,야간,135.4,118.3,1487.0,19.85,3.415,4.201,0.385,24.0,불량
LOT-2026-1211,2026-08-04 05:18:00,3호기,야간,133.0,119.7,1445.0,19.8,3.532,4.179,0.453,48.5,불량
LOT-2026-1211,2026-08-04 05:21:00,4호기,야간,129.5,118.9,1443.0,20.86,3.424,4.186,0.417,23.2,양품
LOT-2026-1211,2026-08-04 05:24:00,1호기,야간,133.4,120.9,1482.0,20.53,3.502,4.197,0.41,48.3,양품
LOT-2026-1211,2026-08-04 05:27:00,2호기,야간,130.3,120.1,1362.0,20.9,3.512,4.191,0.442,36.0,양품
LOT-2026-1211,2026-08-04 05:30:00,3호기,야간,130.5,109.6,1497.0,20.87,3.478,4.19,0.421,35.3,양품
LOT-2026-1211,2026-08-04 05:33:00,4호기,야간,130.5,115.5,1453.0,21.84,3.445,4.2,0.449,36.7,양품
LOT-2026-1211,2026-08-04 05:36:00,1호기,야간,132.4,117.0,1450.0,21.45,3.461,4.194,0.407,48.6,양품
LOT-2026-1211,2026-08-04 05:39:00,2호기,야간,132.6,115.6,1398.0,19.28,3.424,4.183,0.414,24.5,불량
LOT-2026-1211,2026-08-04 05:42:00,3호기,야간,130.4,115.9,1407.0,21.78,3.421,4.184,0.445,36.3,양품
LOT-2026-1211,2026-08-04 05:45:00,4호기,야간,132.2,121.4,1355.0,20.16,3.484,4.191,0.383,24.1,양품
LOT-2026-1211,2026-08-04 05:48:00,1호기,야간,130.2,115.1,1487.0,21.72,3.462,4.207,0.431,35.8,양품
LOT-2026-1211,2026-08-04 05:51:00,2호기,야간,132.5,115.2,1518.0,20.73,3.466,4.189,0.425,24.5,양품
LOT-2026-1211,2026-08-04 05:54:00,3호기,야간,131.5,116.9,1509.0,20.84,3.479,4.195,0.44,48.6,양품
LOT-2026-1211,2026-08-04 05:57:00,4호기,야간,131.7,117.3,1416.0,20.75,3.481,4.188,0.445,23.6,양품
LOT-2026-1212,2026-08-04 06:00:00,1호기,주간,132.7,118.0,1430.0,21.0,3.46,4.194,0.425,24.7,양품
LOT-2026-1212,2026-08-04 06:03:00,2호기,주간,131.1,120.0,1574.0,20.79,3.515,4.188,0.428,47.5,양품
LOT-2026-1212,2026-08-04 06:06:00,3호기,주간,130.9,116.2,1295.0,20.96,3.396,4.173,0.443,36.0,양품
LOT-2026-1212,2026-08-04 06:09:00,4호기,주간,132.8,118.2,1418.0,20.23,3.473,4.196,0.433,48.1,양품
LOT-2026-1212,2026-08-04 06:12:00,1호기,주간,130.8,118.6,1428.0,22.23,3.5,4.204,0.464,24.2,양품
LOT-2026-1212,2026-08-04 06:15:00,2호기,주간,130.3,121.3,1452.0,21.23,3.515,4.183,0.435,24.3,양품
LOT-2026-1212,2026-08-04 06:18:00,3호기,주간,133.1,115.1,1430.0,21.95,3.498,4.187,0.428,23.9,양품
LOT-2026-1212,2026-08-04 06:21:00,4호기,주간,129.1,117.1,1429.0,21.38,3.454,4.193,0.417,35.2,양품
LOT-2026-1212,2026-08-04 06:24:00,1호기,주간,131.5,114.6,1453.0,21.32,3.407,4.194,0.411,24.7,양품
LOT-2026-1212,2026-08-04 06:27:00,2호기,주간,131.6,118.2,1442.0,20.54,3.485,4.182,0.435,23.5,양품
LOT-2026-1212,2026-08-04 06:30:00,3호기,주간,131.9,115.7,1458.0,21.29,3.442,4.181,0.418,35.8,양품
LOT-2026-1212,2026-08-04 06:33:00,4호기,주간,133.0,115.0,1394.0,20.67,3.487,4.192,0.401,35.6,양품
LOT-2026-1212,2026-08-04 06:36:00,1호기,주간,132.6,118.2,1377.0,20.98,3.495,4.177,0.447,35.6,양품
LOT-2026-1212,2026-08-04 06:39:00,2호기,주간,131.7,115.6,1420.0,21.28,3.486,4.187,0.441,23.9,양품
LOT-2026-1212,2026-08-04 06:42:00,3호기,주간,131.3,117.6,1414.0,21.1,3.52,4.18,0.442,36.0,불량
LOT-2026-1212,2026-08-04 06:45:00,4호기,주간,130.4,119.3,1511.0,20.86,3.471,4.206,0.407,24.4,양품
LOT-2026-1212,2026-08-04 06:48:00,1호기,주간,132.3,121.2,1372.0,21.29,3.463,4.188,0.414,35.9,양품
LOT-2026-1212,2026-08-04 06:51:00,2호기,주간,133.4,118.5,1462.0,21.18,3.491,4.185,0.417,48.1,양품
LOT-2026-1212,2026-08-04 06:54:00,3호기,주간,130.8,120.2,1451.0,21.64,3.537,4.186,0.407,24.0,양품
LOT-2026-1212,2026-08-04 06:57:00,4호기,주간,130.2,112.5,1507.0,21.27,3.428,4.17,0.422,48.2,양품
LOT-2026-1212,2026-08-04 07:00:00,1호기,주간,130.8,116.9,1438.0,20.83,3.492,4.185,0.425,47.6,양품
LOT-2026-1212,2026-08-04 07:03:00,2호기,주간,131.8,119.0,1409.0,21.97,3.488,4.197,0.444,24.5,양품
LOT-2026-1212,2026-08-04 07:06:00,3호기,주간,133.0,121.1,1468.0,21.15,3.472,4.195,0.41,36.1,양품
LOT-2026-1212,2026-08-04 07:09:00,4호기,주간,130.2,120.0,1416.0,21.44,3.478,4.19,0.417,36.6,양품
LOT-2026-1212,2026-08-04 07:12:00,1호기,주간,131.8,114.2,1422.0,20.89,3.537,4.193,0.431,36.8,양품
LOT-2026-1212,2026-08-04 07:15:00,2호기,주간,132.1,120.8,1415.0,21.03,3.464,4.187,0.41,35.4,양품
LOT-2026-1212,2026-08-04 07:18:00,3호기,주간,130.4,116.7,1409.0,20.86,3.46,4.2,0.455,36.0,양품
LOT-2026-1212,2026-08-04 07:21:00,4호기,주간,132.0,115.1,1485.0,22.64,3.555,4.197,0.413,35.9,불량
LOT-2026-1212,2026-08-04 07:24:00,1호기,주간,136.2,121.5,1430.0,20.94,3.45,4.185,0.431,23.5,양품
LOT-2026-1212,2026-08-04 07:27:00,2호기,주간,130.8,119.6,1384.0,20.9,3.487,4.182,0.389,24.2,양품
LOT-2026-1212,2026-08-04 07:30:00,3호기,주간,129.4,116.6,1569.0,21.31,3.443,4.193,0.441,24.3,양품
LOT-2026-1212,2026-08-04 07:33:00,4호기,주간,130.1,117.8,1418.0,21.32,3.504,4.189,0.418,23.8,양품
LOT-2026-1212,2026-08-04 07:36:00,1호기,주간,130.6,119.9,1367.0,20.43,3.524,4.199,0.413,24.8,양품
LOT-2026-1212,2026-08-04 07:39:00,2호기,주간,130.1,118.2,1453.0,22.32,3.395,4.194,0.42,47.7,불량
LOT-2026-1212,2026-08-04 07:42:00,3호기,주간,131.4,115.2,1544.0,20.94,3.509,4.187,0.429,24.4,양품
LOT-2026-1212,2026-08-04 07:45:00,4호기,주간,133.9,116.6,1433.0,20.98,3.476,4.174,0.432,23.8,양품
LOT-2026-1212,2026-08-04 07:48:00,1호기,주간,129.6,118.6,1380.0,20.53,3.455,4.186,0.412,24.3,양품
LOT-2026-1212,2026-08-04 07:51:00,2호기,주간,128.7,116.2,1444.0,21.98,3.51,4.183,0.417,24.6,양품
LOT-2026-1212,2026-08-04 07:54:00,3호기,주간,135.7,115.1,1366.0,21.32,3.498,4.19,0.452,23.0,양품
LOT-2026-1212,2026-08-04 07:57:00,4호기,주간,130.7,118.6,1514.0,21.0,3.509,4.185,0.422,23.5,양품
LOT-2026-1213,2026-08-04 08:00:00,1호기,주간,132.3,119.0,1359.0,21.77,3.391,4.189,0.429,35.9,양품
LOT-2026-1213,2026-08-04 08:03:00,2호기,주간,133.1,118.5,1478.0,21.5,3.512,4.187,0.438,24.2,양품
LOT-2026-1213,2026-08-04 08:06:00,3호기,주간,128.7,119.2,1385.0,21.59,3.433,4.206,0.427,35.9,양품
LOT-2026-1213,2026-08-04 08:09:00,4호기,주간,133.1,120.3,1429.0,21.85,3.447,4.191,0.427,35.7,양품
LOT-2026-1213,2026-08-04 08:12:00,1호기,주간,131.3,116.0,1387.0,22.34,3.475,4.185,0.427,35.9,양품
LOT-2026-1213,2026-08-04 08:15:00,2호기,주간,128.2,118.0,1480.0,22.3,3.576,4.191,0.421,47.7,불량
LOT-2026-1213,2026-08-04 08:18:00,3호기,주간,130.5,120.2,1408.0,22.37,3.538,4.179,0.438,36.4,불량
LOT-2026-1213,2026-08-04 08:21:00,4호기,주간,132.4,118.2,1424.0,21.47,3.468,4.178,0.42,24.1,양품
LOT-2026-1213,2026-08-04 08:24:00,1호기,주간,133.2,117.8,1458.0,21.54,3.535,4.185,0.44,48.3,양품
LOT-2026-1213,2026-08-04 08:27:00,2호기,주간,134.1,118.7,1423.0,22.5,3.506,4.177,0.417,35.9,불량
LOT-2026-1213,2026-08-04 08:30:00,3호기,주간,130.0,117.7,1451.0,22.38,3.503,4.19,0.447,48.5,양품
LOT-2026-1213,2026-08-04 08:33:00,4호기,주간,131.9,118.0,1308.0,21.36,3.46,4.198,0.45,47.8,양품
LOT-2026-1213,2026-08-04 08:36:00,1호기,주간,127.9,116.6,1427.0,22.48,3.511,4.196,0.413,36.1,불량
LOT-2026-1213,2026-08-04 08:39:00,2호기,주간,129.8,119.5,1466.0,21.29,3.522,4.178,0.414,24.2,양품
LOT-2026-1213,2026-08-04 08:42:00,3호기,주간,130.8,117.8,1404.0,22.35,3.517,4.197,0.45,23.7,불량
LOT-2026-1213,2026-08-04 08:45:00,4호기,주간,132.6,122.6,1409.0,20.6,3.578,4.188,0.424,23.8,불량
LOT-2026-1213,2026-08-04 08:48:00,1호기,주간,133.6,116.4,1352.0,21.55,3.416,4.19,0.418,47.4,양품
LOT-2026-1213,2026-08-04 08:51:00,2호기,주간,132.6,117.1,1482.0,22.29,3.445,4.198,0.43,23.5,양품
LOT-2026-1213,2026-08-04 08:54:00,3호기,주간,130.1,121.6,1578.0,21.69,3.513,4.178,0.422,24.7,양품
LOT-2026-1213,2026-08-04 08:57:00,4호기,주간,130.9,120.1,1488.0,21.97,3.521,4.2,0.423,24.3,양품
LOT-2026-1213,2026-08-04 09:00:00,1호기,주간,132.4,122.8,1447.0,21.17,3.516,4.198,0.425,23.7,양품
LOT-2026-1213,2026-08-04 09:03:00,2호기,주간,129.6,117.3,1397.0,20.66,3.545,4.188,0.427,23.5,양품
LOT-2026-1213,2026-08-04 09:06:00,3호기,주간,131.3,120.2,1393.0,21.24,3.49,4.192,0.426,36.3,양품
LOT-2026-1213,2026-08-04 09:09:00,4호기,주간,132.2,116.4,1493.0,22.44,3.442,4.178,0.464,23.9,불량
LOT-2026-1213,2026-08-04 09:12:00,1호기,주간,132.5,119.3,1516.0,22.74,3.546,4.177,0.42,48.3,불량
LOT-2026-1213,2026-08-04 09:15:00,2호기,주간,128.9,116.3,1447.0,22.04,3.5,4.167,0.418,24.6,양품
LOT-2026-1213,2026-08-04 09:18:00,3호기,주간,130.5,117.7,1495.0,21.66,3.471,4.179,0.412,36.1,양품
LOT-2026-1213,2026-08-04 09:21:00,4호기,주간,133.9,116.5,1550.0,21.71,3.465,4.186,0.411,23.8,양품
LOT-2026-1213,2026-08-04 09:24:00,1호기,주간,131.8,115.6,1502.0,21.92,3.473,4.204,0.452,36.3,양품
LOT-2026-1213,2026-08-04 09:27:00,2호기,주간,132.7,117.7,1439.0,20.85,3.502,4.195,0.416,47.6,양품
LOT-2026-1213,2026-08-04 09:30:00,3호기,주간,131.2,116.7,1455.0,21.7,3.442,4.182,0.427,23.9,양품
LOT-2026-1213,2026-08-04 09:33:00,4호기,주간,132.0,117.5,1436.0,21.01,3.502,4.187,0.437,24.2,양품
LOT-2026-1213,2026-08-04 09:36:00,1호기,주간,132.0,121.3,1482.0,21.57,3.453,4.19,0.414,23.9,양품
LOT-2026-1213,2026-08-04 09:39:00,2호기,주간,134.6,119.7,1458.0,21.36,3.559,4.188,0.438,35.5,양품
LOT-2026-1213,2026-08-04 09:42:00,3호기,주간,131.7,117.7,1362.0,21.52,3.484,4.189,0.456,47.8,양품
LOT-2026-1213,2026-08-04 09:45:00,4호기,주간,131.0,118.4,1403.0,22.34,3.48,4.204,0.415,36.1,양품
LOT-2026-1213,2026-08-04 09:48:00,1호기,주간,134.1,118.7,1403.0,22.08,3.561,4.182,0.433,23.7,불량
LOT-2026-1213,2026-08-04 09:51:00,2호기,주간,132.6,120.2,1533.0,22.34,3.511,4.192,0.383,36.3,양품
LOT-2026-1213,2026-08-04 09:54:00,3호기,주간,133.4,121.2,1552.0,21.53,3.466,4.218,0.433,36.2,양품
LOT-2026-1213,2026-08-04 09:57:00,4호기,주간,129.2,119.1,1353.0,21.35,3.46,4.197,0.39,48.5,양품
LOT-2026-1214,2026-08-04 10:00:00,1호기,주간,135.0,119.2,1464.0,22.65,3.504,4.173,0.399,25.0,불량
LOT-2026-1214,2026-08-04 10:03:00,2호기,주간,134.6,119.7,1390.0,21.25,3.542,4.184,0.382,47.4,양품
LOT-2026-1214,2026-08-04 10:06:00,3호기,주간,128.7,117.6,1459.0,21.73,3.538,4.186,0.461,24.3,양품
LOT-2026-1214,2026-08-04 10:09:00,4호기,주간,128.7,115.3,1490.0,21.88,3.502,4.204,0.408,48.5,양품
LOT-2026-1214,2026-08-04 10:12:00,1호기,주간,131.8,122.0,1446.0,21.85,3.468,4.186,0.431,47.7,양품
LOT-2026-1214,2026-08-04 10:15:00,2호기,주간,132.6,120.2,1356.0,20.52,3.509,4.189,0.425,23.9,불량
LOT-2026-1214,2026-08-04 10:18:00,3호기,주간,134.0,119.2,1410.0,22.69,3.435,4.185,0.427,23.2,불량
LOT-2026-1214,2026-08-04 10:21:00,4호기,주간,131.2,117.3,1455.0,22.1,3.454,4.196,0.412,36.3,양품
LOT-2026-1214,2026-08-04 10:24:00,1호기,주간,131.4,119.5,1441.0,21.89,3.51,4.198,0.407,36.1,양품
LOT-2026-1214,2026-08-04 10:27:00,2호기,주간,132.8,120.1,1394.0,22.5,3.45,4.183,0.444,24.1,불량
LOT-2026-1214,2026-08-04 10:30:00,3호기,주간,133.4,120.7,1560.0,21.86,3.503,4.192,0.444,47.7,양품
LOT-2026-1214,2026-08-04 10:33:00,4호기,주간,131.8,121.4,1517.0,21.88,3.506,4.185,0.4,23.7,양품
LOT-2026-1214,2026-08-04 10:36:00,1호기,주간,131.8,118.7,1399.0,21.53,3.47,4.184,0.409,48.0,양품
LOT-2026-1214,2026-08-04 10:39:00,2호기,주간,133.0,120.0,1403.0,21.69,3.486,4.196,0.392,36.2,양품
LOT-2026-1214,2026-08-04 10:42:00,3호기,주간,131.8,115.0,1553.0,22.27,3.421,4.182,0.392,36.4,불량
LOT-2026-1214,2026-08-04 10:45:00,4호기,주간,133.8,122.7,1342.0,21.68,3.517,4.196,0.4,35.7,양품
LOT-2026-1214,2026-08-04 10:48:00,1호기,주간,130.3,119.1,1479.0,22.28,3.481,4.19,0.412,48.4,양품
LOT-2026-1214,2026-08-04 10:51:00,2호기,주간,133.5,119.8,1496.0,22.79,3.427,4.201,0.406,23.4,불량
LOT-2026-1214,2026-08-04 10:54:00,3호기,주간,130.6,118.9,1476.0,21.42,3.443,4.194,0.455,36.0,양품
LOT-2026-1214,2026-08-04 10:57:00,4호기,주간,131.6,117.3,1491.0,21.98,3.479,4.2,0.439,47.8,양품
LOT-2026-1214,2026-08-04 11:00:00,1호기,주간,134.1,118.7,1468.0,22.15,3.515,4.189,0.408,24.5,양품
LOT-2026-1214,2026-08-04 11:03:00,2호기,주간,128.6,117.9,1441.0,22.25,3.423,4.172,0.435,47.6,불량
LOT-2026-1214,2026-08-04 11:06:00,3호기,주간,134.9,120.7,1473.0,21.74,3.505,4.178,0.458,24.2,양품
LOT-2026-1214,2026-08-04 11:09:00,4호기,주간,132.9,118.6,1498.0,21.56,3.546,4.186,0.399,47.5,양품
LOT-2026-1214,2026-08-04 11:12:00,1호기,주간,130.1,117.0,1419.0,20.74,3.5,4.171,0.417,47.3,양품
LOT-2026-1214,2026-08-04 11:15:00,2호기,주간,130.2,115.3,1477.0,22.33,3.544,4.182,0.403,36.2,불량
LOT-2026-1214,2026-08-04 11:18:00,3호기,주간,128.9,118.9,1388.0,20.88,3.483,4.209,0.44,23.9,양품
LOT-2026-1214,2026-08-04 11:21:00,4호기,주간,130.9,119.0,1442.0,22.52,3.51,4.196,0.395,36.2,불량
LOT-2026-1214,2026-08-04 11:24:00,1호기,주간,133.6,118.8,1482.0,20.91,3.496,4.195,0.453,24.4,양품
LOT-2026-1214,2026-08-04 11:27:00,2호기,주간,133.5,118.2,1355.0,21.6,3.481,4.186,0.371,35.9,양품
LOT-2026-1214,2026-08-04 11:30:00,3호기,주간,130.1,118.6,1361.0,21.88,3.52,4.193,0.4,24.1,양품
LOT-2026-1214,2026-08-04 11:33:00,4호기,주간,133.2,117.1,1372.0,22.25,3.588,4.185,0.431,23.6,불량
LOT-2026-1214,2026-08-04 11:36:00,1호기,주간,134.6,117.9,1473.0,21.76,3.488,4.186,0.42,24.3,양품
LOT-2026-1214,2026-08-04 11:39:00,2호기,주간,130.5,119.7,1466.0,21.96,3.43,4.203,0.409,23.9,양품
LOT-2026-1214,2026-08-04 11:42:00,3호기,주간,133.7,118.4,1579.0,21.63,3.587,4.182,0.399,24.7,양품
LOT-2026-1214,2026-08-04 11:45:00,4호기,주간,131.3,118.8,1474.0,21.77,3.435,4.181,0.454,35.3,양품
LOT-2026-1214,2026-08-04 11:48:00,1호기,주간,133.0,117.8,1375.0,22.26,3.543,4.203,0.44,23.2,불량
LOT-2026-1214,2026-08-04 11:51:00,2호기,주간,132.9,117.4,1377.0,21.82,3.497,4.188,0.413,48.4,양품
LOT-2026-1214,2026-08-04 11:54:00,3호기,주간,133.2,116.9,1378.0,22.41,3.521,4.209,0.428,24.0,불량
LOT-2026-1214,2026-08-04 11:57:00,4호기,주간,130.2,118.1,1454.0,22.56,3.406,4.195,0.417,35.9,불량
LOT-2026-1215,2026-08-04 12:00:00,1호기,주간,131.1,118.3,1569.0,19.99,3.477,4.187,0.457,24.4,불량
LOT-2026-1215,2026-08-04 12:03:00,2호기,주간,132.5,118.1,1521.0,20.52,3.432,4.182,0.423,23.8,불량
LOT-2026-1215,2026-08-04 12:06:00,3호기,주간,130.8,117.7,1409.0,20.41,3.459,4.187,0.448,48.4,양품
LOT-2026-1215,2026-08-04 12:09:00,4호기,주간,136.0,120.8,1355.0,21.12,3.431,4.194,0.44,36.7,양품
LOT-2026-1215,2026-08-04 12:12:00,1호기,주간,136.4,119.6,1477.0,20.15,3.564,4.17,0.438,35.5,불량
LOT-2026-1215,2026-08-04 12:15:00,2호기,주간,132.3,121.0,1494.0,20.71,3.458,4.196,0.417,35.9,양품
LOT-2026-1215,2026-08-04 12:18:00,3호기,주간,134.1,119.6,1417.0,21.03,3.49,4.192,0.424,24.0,양품
LOT-2026-1215,2026-08-04 12:21:00,4호기,주간,130.2,117.6,1502.0,21.56,3.476,4.184,0.447,23.9,양품
LOT-2026-1215,2026-08-04 12:24:00,1호기,주간,129.8,117.0,1418.0,21.42,3.465,4.203,0.405,24.6,양품
LOT-2026-1215,2026-08-04 12:27:00,2호기,주간,132.7,118.2,1329.0,21.79,3.486,4.195,0.442,48.3,양품
LOT-2026-1215,2026-08-04 12:30:00,3호기,주간,134.3,118.7,1435.0,20.96,3.475,4.198,0.42,47.9,양품
LOT-2026-1215,2026-08-04 12:33:00,4호기,주간,130.7,121.9,1507.0,21.25,3.492,4.19,0.417,23.4,양품
LOT-2026-1215,2026-08-04 12:36:00,1호기,주간,131.2,114.8,1545.0,21.2,3.498,4.195,0.45,24.0,양품
LOT-2026-1215,2026-08-04 12:39:00,2호기,주간,129.8,114.9,1458.0,21.65,3.467,4.174,0.416,48.0,양품
LOT-2026-1215,2026-08-04 12:42:00,3호기,주간,130.3,125.3,1353.0,19.55,3.454,4.191,0.436,35.6,불량
LOT-2026-1215,2026-08-04 12:45:00,4호기,주간,132.4,120.8,1439.0,19.76,3.452,4.187,0.402,23.8,불량
LOT-2026-1215,2026-08-04 12:48:00,1호기,주간,135.0,122.2,1500.0,21.05,3.495,4.196,0.411,23.9,양품
LOT-2026-1215,2026-08-04 12:51:00,2호기,주간,132.1,122.0,1442.0,20.07,3.459,4.201,0.401,48.6,불량
LOT-2026-1215,2026-08-04 12:54:00,3호기,주간,133.1,116.4,1598.0,21.01,3.487,4.19,0.439,48.2,양품
LOT-2026-1215,2026-08-04 12:57:00,4호기,주간,133.8,118.7,1463.0,21.44,3.469,4.195,0.446,47.3,양품
LOT-2026-1215,2026-08-04 13:00:00,1호기,주간,132.4,118.2,1463.0,21.0,3.435,4.205,0.434,48.0,양품
LOT-2026-1215,2026-08-04 13:03:00,2호기,주간,132.3,124.5,1476.0,20.16,3.46,4.185,0.384,36.5,양품
LOT-2026-1215,2026-08-04 13:06:00,3호기,주간,132.8,117.2,1426.0,21.56,3.548,4.191,0.385,24.6,양품
LOT-2026-1215,2026-08-04 13:09:00,4호기,주간,132.8,116.9,1467.0,21.32,3.497,4.203,0.398,24.5,양품
LOT-2026-1215,2026-08-04 13:12:00,1호기,주간,132.4,117.2,1339.0,20.57,3.47,4.184,0.442,47.9,양품
LOT-2026-1215,2026-08-04 13:15:00,2호기,주간,127.9,121.4,1441.0,21.65,3.529,4.194,0.408,24.6,불량
LOT-2026-1215,2026-08-04 13:18:00,3호기,주간,132.7,117.6,1578.0,20.64,3.427,4.174,0.407,24.6,양품
LOT-2026-1215,2026-08-04 13:21:00,4호기,주간,129.2,117.6,1399.0,19.74,3.471,4.197,0.437,24.0,불량
LOT-2026-1215,2026-08-04 13:24:00,1호기,주간,132.6,120.2,1365.0,21.05,3.518,4.177,0.396,23.6,양품
LOT-2026-1215,2026-08-04 13:27:00,2호기,주간,129.5,118.5,1462.0,20.19,3.506,4.19,0.432,47.6,불량
LOT-2026-1215,2026-08-04 13:30:00,3호기,주간,133.4,116.6,1524.0,21.07,3.505,4.186,0.429,24.0,양품
LOT-2026-1215,2026-08-04 13:33:00,4호기,주간,132.6,116.6,1422.0,21.17,3.528,4.189,0.424,36.0,양품
LOT-2026-1215,2026-08-04 13:36:00,1호기,주간,132.5,117.7,1523.0,21.11,3.431,4.188,0.458,24.8,불량
LOT-2026-1215,2026-08-04 13:39:00,2호기,주간,131.1,117.6,1448.0,21.48,3.417,4.191,0.405,48.2,양품
LOT-2026-1215,2026-08-04 13:42:00,3호기,주간,129.8,119.2,1396.0,20.88,3.536,4.177,0.423,23.8,양품
LOT-2026-1215,2026-08-04 13:45:00,4호기,주간,136.4,117.0,1347.0,21.07,3.518,4.184,0.445,36.7,양품
LOT-2026-1215,2026-08-04 13:48:00,1호기,주간,129.4,117.7,1531.0,21.49,3.467,4.187,0.435,36.8,양품
LOT-2026-1215,2026-08-04 13:51:00,2호기,주간,131.2,124.7,1438.0,21.15,3.552,4.178,0.434,48.0,양품
LOT-2026-1215,2026-08-04 13:54:00,3호기,주간,134.7,119.5,1517.0,21.25,3.486,4.188,0.408,47.7,양품
LOT-2026-1215,2026-08-04 13:57:00,4호기,주간,128.1,117.7,1455.0,19.98,3.519,4.192,0.389,24.5,불량
LOT-2026-1216,2026-08-04 14:00:00,1호기,주간,131.8,120.0,1393.0,21.05,3.482,4.184,0.439,48.0,양품
LOT-2026-1216,2026-08-04 14:03:00,2호기,주간,131.5,118.2,1462.0,20.25,3.492,4.196,0.424,35.5,양품
LOT-2026-1216,2026-08-04 14:06:00,3호기,주간,131.5,116.2,1454.0,20.44,3.5,4.187,0.426,23.8,양품
LOT-2026-1216,2026-08-04 14:09:00,4호기,주간,131.5,119.0,1428.0,20.49,3.478,4.199,0.395,36.4,양품
LOT-2026-1216,2026-08-04 14:12:00,1호기,주간,132.0,113.5,1450.0,21.09,3.477,4.181,0.428,23.9,양품
LOT-2026-1216,2026-08-04 14:15:00,2호기,주간,129.8,115.5,1412.0,21.09,3.449,4.188,0.428,47.9,양품
LOT-2026-1216,2026-08-04 14:18:00,3호기,주간,131.7,117.3,1474.0,21.36,3.419,4.196,0.43,23.9,양품
LOT-2026-1216,2026-08-04 14:21:00,4호기,주간,132.1,116.8,1463.0,20.34,3.481,4.187,0.425,23.6,양품
LOT-2026-1216,2026-08-04 14:24:00,1호기,주간,133.6,119.5,1468.0,20.55,3.477,4.199,0.424,47.8,양품
LOT-2026-1216,2026-08-04 14:27:00,2호기,주간,131.4,116.8,1484.0,22.01,3.478,4.19,0.414,36.1,양품
LOT-2026-1216,2026-08-04 14:30:00,3호기,주간,131.6,117.9,1514.0,21.07,3.519,4.2,0.425,47.9,양품
LOT-2026-1216,2026-08-04 14:33:00,4호기,주간,135.0,115.2,1442.0,20.9,3.493,4.189,0.433,24.1,양품
LOT-2026-1216,2026-08-04 14:36:00,1호기,주간,132.1,116.9,1447.0,21.34,3.417,4.181,0.423,47.2,양품
LOT-2026-1216,2026-08-04 14:39:00,2호기,주간,130.1,117.4,1469.0,18.64,3.559,4.183,0.429,24.8,불량
LOT-2026-1216,2026-08-04 14:42:00,3호기,주간,131.0,118.6,1377.0,20.81,3.449,4.185,0.449,24.6,양품
LOT-2026-1216,2026-08-04 14:45:00,4호기,주간,128.6,114.4,1541.0,21.36,3.537,4.188,0.424,48.6,양품
LOT-2026-1216,2026-08-04 14:48:00,1호기,주간,129.0,117.9,1522.0,21.57,3.5,4.185,0.427,48.6,양품
LOT-2026-1216,2026-08-04 14:51:00,2호기,주간,132.1,114.5,1420.0,21.0,3.579,4.198,0.413,24.3,양품
LOT-2026-1216,2026-08-04 14:54:00,3호기,주간,130.9,116.7,1434.0,20.48,3.544,4.198,0.447,24.2,불량
LOT-2026-1216,2026-08-04 14:57:00,4호기,주간,129.3,119.6,1448.0,21.37,3.439,4.197,0.439,35.6,양품
LOT-2026-1216,2026-08-04 15:00:00,1호기,주간,132.5,117.5,1434.0,21.87,3.479,4.209,0.421,48.2,양품
LOT-2026-1216,2026-08-04 15:03:00,2호기,주간,135.2,116.8,1602.0,20.54,3.51,4.192,0.439,24.0,양품
LOT-2026-1216,2026-08-04 15:06:00,3호기,주간,131.1,117.6,1456.0,21.01,3.471,4.201,0.429,47.5,양품
LOT-2026-1216,2026-08-04 15:09:00,4호기,주간,129.5,116.6,1485.0,21.3,3.492,4.192,0.399,23.7,양품
LOT-2026-1216,2026-08-04 15:12:00,1호기,주간,130.1,118.2,1473.0,19.97,3.49,4.191,0.411,35.3,불량
LOT-2026-1216,2026-08-04 15:15:00,2호기,주간,135.5,121.2,1517.0,20.85,3.472,4.197,0.46,23.4,양품
LOT-2026-1216,2026-08-04 15:18:00,3호기,주간,131.5,117.8,1403.0,21.71,3.512,4.177,0.408,23.3,양품
LOT-2026-1216,2026-08-04 15:21:00,4호기,주간,136.1,115.4,1321.0,21.52,3.466,4.202,0.43,35.5,양품
LOT-2026-1216,2026-08-04 15:24:00,1호기,주간,132.8,123.3,1431.0,21.47,3.498,4.203,0.402,47.6,양품
LOT-2026-1216,2026-08-04 15:27:00,2호기,주간,132.8,115.9,1536.0,21.39,3.575,4.179,0.404,24.3,양품
LOT-2026-1216,2026-08-04 15:30:00,3호기,주간,130.3,118.9,1334.0,20.83,3.489,4.202,0.419,35.9,양품
LOT-2026-1216,2026-08-04 15:33:00,4호기,주간,130.4,123.7,1346.0,21.22,3.49,4.178,0.409,24.4,양품
LOT-2026-1216,2026-08-04 15:36:00,1호기,주간,129.7,117.3,1425.0,21.5,3.492,4.189,0.427,23.8,양품
LOT-2026-1216,2026-08-04 15:39:00,2호기,주간,131.1,112.7,1434.0,21.42,3.514,4.199,0.427,23.9,양품
LOT-2026-1216,2026-08-04 15:42:00,3호기,주간,134.4,117.1,1449.0,21.4,3.482,4.204,0.421,24.2,양품
LOT-2026-1216,2026-08-04 15:45:00,4호기,주간,132.6,115.9,1467.0,20.17,3.51,4.179,0.416,23.5,불량
LOT-2026-1216,2026-08-04 15:48:00,1호기,주간,131.9,131.9,1498.0,21.15,3.508,4.169,0.401,48.8,양품
LOT-2026-1216,2026-08-04 15:51:00,2호기,주간,135.3,121.9,1374.0,21.04,3.408,4.185,0.425,23.9,양품
LOT-2026-1216,2026-08-04 15:54:00,3호기,주간,129.5,119.3,1547.0,21.94,3.459,4.199,0.403,35.6,양품
LOT-2026-1216,2026-08-04 15:57:00,4호기,주간,130.4,120.8,1471.0,21.08,3.531,4.187,0.406,48.5,양품
LOT-2026-1217,2026-08-04 16:00:00,1호기,주간,134.7,118.9,1410.0,20.88,3.504,4.195,0.439,24.1,양품
LOT-2026-1217,2026-08-04 16:03:00,2호기,주간,132.7,117.9,1539.0,20.6,3.524,4.2,0.455,24.2,양품
LOT-2026-1217,2026-08-04 16:06:00,3호기,주간,133.4,116.2,1437.0,21.52,3.465,4.199,0.42,24.0,양품
LOT-2026-1217,2026-08-04 16:09:00,4호기,주간,128.4,115.7,1487.0,22.17,3.432,4.189,0.412,23.7,양품
LOT-2026-1217,2026-08-04 16:12:00,1호기,주간,131.5,118.6,1541.0,20.67,3.513,4.176,0.445,47.8,양품
LOT-2026-1217,2026-08-04 16:15:00,2호기,주간,130.3,117.8,1355.0,21.33,3.533,4.195,0.402,24.3,양품
LOT-2026-1217,2026-08-04 16:18:00,3호기,주간,131.9,118.6,1371.0,22.31,3.448,4.2,0.416,24.0,양품
LOT-2026-1217,2026-08-04 16:21:00,4호기,주간,130.8,113.9,1456.0,21.01,3.358,4.19,0.405,24.2,양품
LOT-2026-1217,2026-08-04 16:24:00,1호기,주간,133.7,116.4,1383.0,21.25,3.479,4.194,0.424,24.2,양품
LOT-2026-1217,2026-08-04 16:27:00,2호기,주간,133.8,119.6,1493.0,21.55,3.437,4.189,0.403,36.0,양품
LOT-2026-1217,2026-08-04 16:30:00,3호기,주간,134.2,114.8,1472.0,21.47,3.497,4.195,0.415,47.9,양품
LOT-2026-1217,2026-08-04 16:33:00,4호기,주간,131.5,120.0,1453.0,22.46,3.425,4.176,0.428,35.7,불량
LOT-2026-1217,2026-08-04 16:36:00,1호기,주간,132.0,120.4,1521.0,21.79,3.431,4.197,0.412,36.0,양품
LOT-2026-1217,2026-08-04 16:39:00,2호기,주간,132.9,117.0,1403.0,20.5,3.592,4.196,0.434,23.1,불량
LOT-2026-1217,2026-08-04 16:42:00,3호기,주간,133.5,119.1,1538.0,21.01,3.454,4.196,0.41,24.1,양품
LOT-2026-1217,2026-08-04 16:45:00,4호기,주간,128.8,115.2,1435.0,20.1,3.515,4.199,0.436,35.1,불량
LOT-2026-1217,2026-08-04 16:48:00,1호기,주간,129.6,118.5,1554.0,21.07,3.49,4.204,0.401,23.9,양품
LOT-2026-1217,2026-08-04 16:51:00,2호기,주간,128.3,119.3,1494.0,21.41,3.447,4.191,0.434,35.8,양품
LOT-2026-1217,2026-08-04 16:54:00,3호기,주간,129.6,119.5,1565.0,20.56,3.393,4.192,0.414,24.1,불량
LOT-2026-1217,2026-08-04 16:57:00,4호기,주간,133.5,119.7,1372.0,21.64,3.502,4.183,0.429,48.9,양품
LOT-2026-1217,2026-08-04 16:57:00,1호기,주간,131.9,117.2,1494.0,21.12,3.471,4.188,0.424,24.0,양품
LOT-2026-1217,2026-08-04 16:57:00,2호기,주간,132.4,120.3,1377.0,21.25,3.47,4.186,0.419,47.5,양품
LOT-2026-1217,2026-08-04 17:06:00,3호기,주간,133.6,117.5,1416.0,21.04,3.508,4.179,0.408,24.7,양품
LOT-2026-1217,2026-08-04 17:09:00,4호기,주간,129.4,117.7,1403.0,22.09,3.511,4.19,0.414,47.6,양품
LOT-2026-1217,2026-08-04 17:12:00,1호기,주간,129.5,119.1,1517.0,19.8,3.448,4.187,0.435,24.2,불량
LOT-2026-1217,2026-08-04 17:15:00,2호기,주간,131.4,118.9,1479.0,21.91,3.494,4.191,0.396,23.8,양품
LOT-2026-1217,2026-08-04 17:18:00,3호기,주간,128.2,120.3,1383.0,21.66,3.507,4.181,0.443,35.8,양품
LOT-2026-1217,2026-08-04 17:21:00,4호기,주간,132.3,122.7,1423.0,20.6,3.455,4.196,0.432,23.8,양품
LOT-2026-1217,2026-08-04 17:24:00,1호기,주간,132.4,119.0,1464.0,21.17,3.528,4.187,0.4,36.8,양품
LOT-2026-1217,2026-08-04 17:27:00,2호기,주간,131.5,115.9,1527.0,22.07,3.435,4.199,0.429,47.9,양품
LOT-2026-1217,2026-08-04 17:30:00,3호기,주간,134.5,118.2,1376.0,21.44,3.453,4.197,0.427,24.2,양품
LOT-2026-1217,2026-08-04 17:33:00,4호기,주간,129.6,117.3,1440.0,20.85,3.414,4.191,0.408,24.1,양품
LOT-2026-1217,2026-08-04 17:36:00,1호기,주간,130.0,122.7,1435.0,22.12,3.425,4.188,0.44,48.0,양품
LOT-2026-1217,2026-08-04 17:39:00,2호기,주간,133.7,118.0,1490.0,20.89,3.466,4.186,0.391,24.8,양품
LOT-2026-1217,2026-08-04 17:42:00,3호기,주간,133.2,119.8,1469.0,21.15,3.455,4.173,0.409,24.1,양품
LOT-2026-1217,2026-08-04 17:45:00,4호기,주간,132.0,117.9,1345.0,21.53,3.502,4.173,0.426,36.0,양품
LOT-2026-1217,2026-08-04 17:48:00,1호기,주간,134.3,121.4,1478.0,21.36,3.414,4.18,0.426,47.9,양품
LOT-2026-1217,2026-08-04 17:51:00,2호기,주간,132.2,124.0,1403.0,21.54,3.542,4.201,0.416,24.2,양품
LOT-2026-1217,2026-08-04 17:54:00,3호기,주간,128.6,118.0,1470.0,20.89,3.457,4.196,0.439,24.1,양품
LOT-2026-1217,2026-08-04 17:57:00,4호기,주간,129.8,117.3,1528.0,21.43,3.465,4.191,0.429,23.5,양품
LOT-2026-1218,2026-08-04 18:00:00,1호기,야간,129.0,115.8,1591.0,21.4,3.492,4.204,0.44,36.2,양품
LOT-2026-1218,2026-08-04 18:03:00,2호기,야간,132.8,121.9,1516.0,20.66,3.531,4.196,0.424,48.0,양품
LOT-2026-1218,2026-08-04 18:06:00,3호기,야간,130.2,116.8,1458.0,21.27,3.496,4.188,0.394,36.1,양품
LOT-2026-1218,2026-08-04 18:09:00,4호기,야간,133.6,115.0,1494.0,21.36,3.451,4.195,0.436,24.6,양품
LOT-2026-1218,2026-08-04 18:12:00,1호기,야간,132.9,114.8,1478.0,22.28,3.488,4.173,0.463,24.5,양품
LOT-2026-1218,2026-08-04 18:15:00,2호기,야간,132.9,118.5,1480.0,22.24,3.441,4.195,0.432,47.9,불량
LOT-2026-1218,2026-08-04 18:18:00,3호기,야간,128.4,118.8,1410.0,21.61,3.535,4.194,0.438,24.1,양품
LOT-2026-1218,2026-08-04 18:21:00,4호기,야간,133.1,121.6,1520.0,21.2,3.438,4.192,0.402,36.2,양품
LOT-2026-1218,2026-08-04 18:24:00,1호기,야간,132.3,113.4,1430.0,21.52,3.488,4.187,0.436,48.4,양품
LOT-2026-1218,2026-08-04 18:27:00,2호기,야간,132.2,119.4,1467.0,21.52,3.458,4.197,0.45,23.4,양품
LOT-2026-1218,2026-08-04 18:30:00,3호기,야간,131.4,118.9,1531.0,21.26,3.506,4.177,0.428,24.3,양품
LOT-2026-1218,2026-08-04 18:33:00,4호기,야간,131.4,112.2,1554.0,21.6,3.521,4.185,0.413,24.6,양품
LOT-2026-1218,2026-08-04 18:36:00,1호기,야간,132.4,117.6,1533.0,21.5,3.512,4.205,0.41,48.2,양품
LOT-2026-1218,2026-08-04 18:39:00,2호기,야간,128.7,115.3,1416.0,21.7,3.422,4.216,0.413,35.6,양품
LOT-2026-1218,2026-08-04 18:42:00,3호기,야간,135.6,123.0,1358.0,21.15,3.505,4.194,0.42,48.6,양품
LOT-2026-1218,2026-08-04 18:45:00,4호기,야간,129.0,117.0,1443.0,21.32,3.398,4.192,0.429,35.5,양품
LOT-2026-1218,2026-08-04 18:48:00,1호기,야간,133.1,119.1,1515.0,21.22,3.482,4.18,0.407,35.4,양품
LOT-2026-1218,2026-08-04 18:51:00,2호기,야간,130.2,117.0,1523.0,21.78,3.456,4.181,0.42,47.7,양품
LOT-2026-1218,2026-08-04 18:54:00,3호기,야간,131.1,119.3,1487.0,21.83,3.469,4.191,0.41,48.0,양품
LOT-2026-1218,2026-08-04 18:57:00,4호기,야간,133.4,118.6,1418.0,20.91,3.427,4.198,0.403,47.6,양품
LOT-2026-1218,2026-08-04 19:00:00,1호기,야간,127.8,118.7,1426.0,21.46,3.526,4.181,0.447,24.2,양품
LOT-2026-1218,2026-08-04 19:03:00,2호기,야간,131.0,119.0,1416.0,19.84,3.511,4.195,0.424,24.1,불량
LOT-2026-1218,2026-08-04 19:06:00,3호기,야간,131.3,119.0,1352.0,21.21,3.514,4.193,0.384,23.9,양품
LOT-2026-1218,2026-08-04 19:09:00,4호기,야간,130.2,118.5,1381.0,21.07,3.453,4.188,0.398,35.8,양품
LOT-2026-1218,2026-08-04 19:12:00,1호기,야간,130.5,121.0,1399.0,20.99,3.394,4.183,0.414,35.5,양품
LOT-2026-1218,2026-08-04 19:15:00,2호기,야간,132.8,116.1,1400.0,21.18,3.539,4.182,0.436,23.6,양품
LOT-2026-1218,2026-08-04 19:18:00,3호기,야간,130.7,118.5,1507.0,21.7,3.528,4.201,0.442,47.9,양품
LOT-2026-1218,2026-08-04 19:21:00,4호기,야간,132.3,117.2,1388.0,21.42,3.47,4.206,0.441,47.9,양품
LOT-2026-1218,2026-08-04 19:24:00,1호기,야간,130.2,114.4,1512.0,20.53,3.41,4.193,0.42,23.3,불량
LOT-2026-1218,2026-08-04 19:27:00,2호기,야간,131.7,120.1,1469.0,21.17,3.439,4.18,0.441,24.8,양품
LOT-2026-1218,2026-08-04 19:30:00,3호기,야간,130.7,119.7,1471.0,21.57,3.443,4.199,0.411,35.6,양품
LOT-2026-1218,2026-08-04 19:33:00,4호기,야간,133.9,115.4,1322.0,20.06,3.504,4.178,0.445,23.6,불량
LOT-2026-1218,2026-08-04 19:36:00,1호기,야간,134.7,115.8,1519.0,21.3,3.519,4.194,0.422,23.7,양품
LOT-2026-1218,2026-08-04 19:39:00,2호기,야간,131.0,120.7,1434.0,20.67,3.459,4.19,0.429,23.2,양품
LOT-2026-1218,2026-08-04 19:42:00,3호기,야간,132.4,114.6,1329.0,21.99,3.397,4.185,0.424,47.7,불량
LOT-2026-1218,2026-08-04 19:45:00,4호기,야간,129.9,115.9,1550.0,21.2,3.523,4.2,0.438,23.1,양품
LOT-2026-1218,2026-08-04 19:48:00,1호기,야간,133.0,123.0,1401.0,21.9,3.394,4.187,0.405,23.7,양품
LOT-2026-1218,2026-08-04 19:51:00,2호기,야간,130.5,118.4,1461.0,21.63,3.451,4.183,0.443,36.0,양품
LOT-2026-1218,2026-08-04 19:54:00,3호기,야간,132.1,116.1,1438.0,21.71,3.467,4.196,0.369,23.6,양품
LOT-2026-1218,2026-08-04 19:57:00,4호기,야간,130.0,119.9,1381.0,20.15,3.453,4.176,0.429,35.7,불량
LOT-2026-1219,2026-08-04 20:00:00,1호기,야간,130.6,119.1,1360.0,19.57,3.513,4.191,0.423,23.4,불량
LOT-2026-1219,2026-08-04 20:03:00,2호기,야간,132.1,118.2,1472.0,21.14,3.464,4.184,0.412,48.4,양품
LOT-2026-1219,2026-08-04 20:06:00,3호기,야간,129.5,117.1,1532.0,20.86,3.463,4.189,0.383,24.3,양품
LOT-2026-1219,2026-08-04 20:09:00,4호기,야간,134.1,118.2,1414.0,21.34,3.491,4.169,0.426,35.9,양품
LOT-2026-1219,2026-08-04 20:12:00,1호기,야간,131.4,115.4,1501.0,20.83,3.524,4.194,0.45,24.3,양품
LOT-2026-1219,2026-08-04 20:15:00,2호기,야간,130.8,121.7,1446.0,20.78,3.434,4.195,0.421,23.9,양품
LOT-2026-1219,2026-08-04 20:18:00,3호기,야간,129.7,118.4,1463.0,20.68,3.469,4.2,0.415,23.9,양품
LOT-2026-1219,2026-08-04 20:21:00,4호기,야간,135.0,120.6,1421.0,22.08,3.541,4.195,0.412,35.9,양품
LOT-2026-1219,2026-08-04 20:24:00,1호기,야간,132.5,115.8,1491.0,20.44,3.514,4.206,0.406,24.2,양품
LOT-2026-1219,2026-08-04 20:27:00,2호기,야간,130.4,117.4,1417.0,20.97,3.494,4.187,0.401,47.7,양품
LOT-2026-1219,2026-08-04 20:30:00,3호기,야간,132.9,118.9,1362.0,21.8,3.473,4.186,0.421,36.1,양품
LOT-2026-1219,2026-08-04 20:33:00,4호기,야간,132.1,117.6,1640.0,19.95,3.484,4.18,0.43,36.5,불량
LOT-2026-1219,2026-08-04 20:36:00,1호기,야간,131.6,115.3,1433.0,19.98,3.484,4.176,0.437,23.4,불량
LOT-2026-1219,2026-08-04 20:39:00,2호기,야간,132.5,118.8,1435.0,20.45,3.475,4.182,0.429,24.6,양품
LOT-2026-1219,2026-08-04 20:42:00,3호기,야간,133.3,118.4,1489.0,20.98,3.511,4.189,0.424,48.4,양품
LOT-2026-1219,2026-08-04 20:45:00,4호기,야간,132.0,116.1,1416.0,21.68,3.401,4.175,0.433,48.4,양품
LOT-2026-1219,2026-08-04 20:48:00,1호기,야간,132.4,119.4,1421.0,21.47,3.48,4.193,0.428,36.1,양품
LOT-2026-1219,2026-08-04 20:51:00,2호기,야간,130.2,122.5,1351.0,21.33,3.477,4.183,0.42,36.6,양품
LOT-2026-1219,2026-08-04 20:54:00,3호기,야간,131.1,122.3,1470.0,20.56,3.492,4.171,0.416,35.3,양품
LOT-2026-1219,2026-08-04 20:57:00,4호기,야간,131.5,117.6,1413.0,20.98,3.396,4.194,0.414,36.2,양품
LOT-2026-1219,2026-08-04 21:00:00,1호기,야간,132.7,118.4,1417.0,20.08,3.405,4.197,0.415,24.5,불량
LOT-2026-1219,2026-08-04 21:03:00,2호기,야간,132.2,113.8,1264.0,21.04,3.538,4.192,0.418,36.1,양품
LOT-2026-1219,2026-08-04 21:06:00,3호기,야간,136.1,118.0,1464.0,20.89,3.491,4.175,0.431,24.3,양품
LOT-2026-1219,2026-08-04 21:09:00,4호기,야간,130.3,116.8,1345.0,20.22,3.43,4.181,0.419,48.5,불량
LOT-2026-1219,2026-08-04 21:12:00,1호기,야간,132.9,118.9,1472.0,20.85,3.515,4.198,0.404,36.4,양품
LOT-2026-1219,2026-08-04 21:15:00,2호기,야간,129.2,122.2,1395.0,20.82,3.444,4.196,0.42,23.8,양품
LOT-2026-1219,2026-08-04 21:18:00,3호기,야간,132.8,116.1,1448.0,20.8,3.605,4.191,0.391,47.7,불량
LOT-2026-1219,2026-08-04 21:21:00,4호기,야간,131.4,120.2,1496.0,20.42,3.434,4.188,0.413,35.9,불량
LOT-2026-1219,2026-08-04 21:24:00,1호기,야간,131.6,120.8,1343.0,20.72,3.471,4.177,0.424,23.8,양품
LOT-2026-1219,2026-08-04 21:27:00,2호기,야간,131.8,119.5,1444.0,20.75,3.443,4.185,0.444,47.5,양품
LOT-2026-1219,2026-08-04 21:30:00,3호기,야간,128.6,119.3,1436.0,20.64,3.492,4.198,0.41,23.8,양품
LOT-2026-1219,2026-08-04 21:33:00,4호기,야간,128.5,115.2,1422.0,20.57,3.469,4.185,0.418,48.2,불량
LOT-2026-1219,2026-08-04 21:36:00,1호기,야간,133.1,121.8,1505.0,20.64,3.454,4.18,0.429,36.4,양품
LOT-2026-1219,2026-08-04 21:39:00,2호기,야간,132.9,121.0,1472.0,20.58,3.451,4.171,0.447,36.0,양품
LOT-2026-1219,2026-08-04 21:42:00,3호기,야간,132.0,119.2,1395.0,21.06,3.481,4.183,0.416,24.7,양품
LOT-2026-1219,2026-08-04 21:45:00,4호기,야간,130.7,116.3,1515.0,21.24,3.479,4.203,0.458,23.6,양품
LOT-2026-1219,2026-08-04 21:48:00,1호기,야간,133.2,118.1,1466.0,21.57,3.439,4.203,0.438,35.3,양품
LOT-2026-1219,2026-08-04 21:51:00,2호기,야간,129.9,117.3,1338.0,21.07,3.45,4.203,0.422,36.6,양품
LOT-2026-1219,2026-08-04 21:54:00,3호기,야간,131.1,117.6,1460.0,20.02,3.416,4.181,0.407,35.9,불량
LOT-2026-1219,2026-08-04 21:57:00,4호기,야간,135.9,116.6,1446.0,20.4,3.387,4.21,0.45,24.0,불량
LOT-2026-1220,2026-08-04 22:00:00,1호기,야간,133.7,115.6,1551.0,21.1,3.439,4.195,0.394,36.3,양품
LOT-2026-1220,2026-08-04 22:03:00,2호기,야간,129.7,116.2,1502.0,21.09,3.539,4.181,0.39,35.9,양품
LOT-2026-1220,2026-08-04 22:06:00,3호기,야간,133.3,119.2,1387.0,20.38,3.52,4.187,0.415,35.1,양품
LOT-2026-1220,2026-08-04 22:09:00,4호기,야간,132.1,117.3,1389.0,20.89,3.415,4.183,0.394,47.7,양품
LOT-2026-1220,2026-08-04 22:12:00,1호기,야간,131.2,119.5,1396.0,21.41,3.465,4.199,0.406,36.3,양품
LOT-2026-1220,2026-08-04 22:15:00,2호기,야간,133.9,121.9,1510.0,22.06,3.433,4.199,0.434,23.7,양품
LOT-2026-1220,2026-08-04 22:18:00,3호기,야간,134.6,115.7,1410.0,21.7,3.475,4.18,0.425,23.5,양품
LOT-2026-1220,2026-08-04 22:21:00,4호기,야간,131.2,118.6,1520.0,21.7,3.51,4.193,0.382,24.3,양품
LOT-2026-1220,2026-08-04 22:24:00,1호기,야간,130.8,118.5,1431.0,21.4,3.464,4.198,0.386,24.7,양품
LOT-2026-1220,2026-08-04 22:27:00,2호기,야간,130.4,117.1,1371.0,21.4,3.48,4.194,0.424,35.4,양품
LOT-2026-1220,2026-08-04 22:30:00,3호기,야간,136.1,121.9,1412.0,20.18,3.474,4.205,0.436,49.0,양품
LOT-2026-1220,2026-08-04 22:33:00,4호기,야간,132.5,116.0,1418.0,21.4,3.522,4.195,0.438,36.0,양품
LOT-2026-1220,2026-08-04 22:36:00,1호기,야간,131.5,118.3,1504.0,21.13,3.459,4.178,0.414,36.3,양품
LOT-2026-1220,2026-08-04 22:39:00,2호기,야간,132.8,119.9,1448.0,20.31,3.53,4.202,0.366,24.0,불량
LOT-2026-1220,2026-08-04 22:42:00,3호기,야간,131.8,115.8,1469.0,20.86,3.51,4.21,0.422,36.1,양품
LOT-2026-1220,2026-08-04 22:45:00,4호기,야간,131.3,116.7,1485.0,21.22,3.44,4.188,0.417,24.4,양품
LOT-2026-1220,2026-08-04 22:48:00,1호기,야간,131.8,118.6,1443.0,21.29,3.451,4.189,0.422,24.0,양품
LOT-2026-1220,2026-08-04 22:51:00,2호기,야간,132.1,118.4,1457.0,21.42,3.511,4.185,0.417,24.1,양품
LOT-2026-1220,2026-08-04 22:54:00,3호기,야간,129.1,118.3,1450.0,21.42,3.395,4.192,0.387,35.8,양품
LOT-2026-1220,2026-08-04 22:57:00,4호기,야간,132.3,118.3,1391.0,21.03,3.482,4.184,0.391,36.7,양품
LOT-2026-1220,2026-08-04 23:00:00,1호기,야간,130.5,,1434.0,21.21,3.463,4.186,0.414,48.2,양품
LOT-2026-1220,2026-08-04 23:03:00,2호기,야간,132.2,,1473.0,22.26,3.534,4.186,0.394,36.5,불량
LOT-2026-1220,2026-08-04 23:06:00,3호기,야간,135.8,,1436.0,22.12,3.46,4.191,0.397,22.9,양품
LOT-2026-1220,2026-08-04 23:09:00,4호기,야간,130.7,,1427.0,20.93,3.524,4.212,0.386,24.2,양품
LOT-2026-1220,2026-08-04 23:12:00,1호기,야간,130.5,,1485.0,21.86,3.426,4.206,0.436,36.3,양품
LOT-2026-1220,2026-08-04 23:15:00,2호기,야간,134.5,,1437.0,21.74,3.499,4.173,0.42,35.7,양품
LOT-2026-1220,2026-08-04 23:18:00,3호기,야간,132.2,,1450.0,21.76,3.474,4.178,0.424,24.0,양품
LOT-2026-1220,2026-08-04 23:21:00,4호기,야간,130.7,,1427.0,21.46,3.513,4.195,0.422,24.1,양품
LOT-2026-1220,2026-08-04 23:24:00,1호기,야간,131.8,,1353.0,21.39,3.453,4.192,0.429,35.2,양품
LOT-2026-1220,2026-08-04 23:27:00,2호기,야간,130.8,,1473.0,21.26,3.487,4.2,0.386,24.1,양품
LOT-2026-1220,2026-08-04 23:30:00,3호기,야간,132.1,,1528.0,20.7,3.463,4.2,0.389,23.9,양품
LOT-2026-1220,2026-08-04 23:33:00,4호기,야간,132.9,,1410.0,21.88,3.475,4.182,0.393,35.8,양품
LOT-2026-1220,2026-08-04 23:36:00,1호기,야간,131.5,,1427.0,20.13,3.451,4.206,0.403,24.1,불량
LOT-2026-1220,2026-08-04 23:39:00,2호기,야간,130.6,,1385.0,21.65,3.508,4.203,0.476,35.8,양품
LOT-2026-1220,2026-08-04 23:42:00,3호기,야간,133.4,,1485.0,21.14,3.45,4.21,0.397,47.8,양품
LOT-2026-1220,2026-08-04 23:45:00,4호기,야간,129.0,,1463.0,20.32,3.485,4.194,0.447,24.0,양품
LOT-2026-1220,2026-08-04 23:48:00,1호기,야간,131.0,,1498.0,21.93,3.47,4.205,0.465,23.9,양품
LOT-2026-1220,2026-08-04 23:51:00,2호기,야간,130.5,,1528.0,22.37,3.522,4.208,0.423,23.5,불량
LOT-2026-1220,2026-08-04 23:54:00,3호기,야간,132.4,,1471.0,21.32,3.427,4.185,0.454,47.4,양품
LOT-2026-1220,2026-08-04 23:57:00,4호기,야간,130.8,,1449.0,20.98,3.457,4.192,0.413,35.5,양품
LOT-2026-1221,2026-08-05 00:00:00,1호기,야간,132.6,,1408.0,20.6,3.534,4.19,0.414,23.6,양품
LOT-2026-1221,2026-08-05 00:03:00,2호기,야간,131.9,,1377.0,22.25,3.459,4.171,0.431,47.3,양품
LOT-2026-1221,2026-08-05 00:06:00,3호기,야간,130.5,,1447.0,21.16,3.437,4.197,0.43,24.0,양품
LOT-2026-1221,2026-08-05 00:09:00,4호기,야간,133.8,,1459.0,22.75,3.44,4.19,0.418,36.1,불량
LOT-2026-1221,2026-08-05 00:12:00,1호기,야간,129.9,,1557.0,20.73,3.49,4.19,0.419,23.7,양품
LOT-2026-1221,2026-08-05 00:15:00,2호기,야간,128.7,,1472.0,22.08,3.473,4.183,0.421,24.1,양품
LOT-2026-1221,2026-08-05 00:18:00,3호기,야간,133.4,,1538.0,21.18,3.46,4.193,0.437,24.4,양품
LOT-2026-1221,2026-08-05 00:21:00,4호기,야간,131.7,,1497.0,20.78,3.449,4.198,0.452,24.4,양품
LOT-2026-1221,2026-08-05 00:24:00,1호기,야간,131.4,,1428.0,21.55,3.504,4.204,0.409,24.9,양품
LOT-2026-1221,2026-08-05 00:27:00,2호기,야간,134.5,,1525.0,21.24,3.503,4.189,0.425,23.2,불량
LOT-2026-1221,2026-08-05 00:30:00,3호기,야간,134.4,,1415.0,20.96,3.486,4.181,0.43,47.8,양품
LOT-2026-1221,2026-08-05 00:33:00,4호기,야간,130.2,,1404.0,21.89,3.467,4.188,0.386,47.6,양품
LOT-2026-1221,2026-08-05 00:36:00,1호기,야간,129.3,,1392.0,20.74,3.437,4.185,0.446,36.3,양품
LOT-2026-1221,2026-08-05 00:39:00,2호기,야간,133.2,,1562.0,20.51,3.502,4.179,0.402,23.5,양품
LOT-2026-1221,2026-08-05 00:42:00,3호기,야간,134.9,,1522.0,21.9,3.508,4.177,0.433,23.4,양품
LOT-2026-1221,2026-08-05 00:45:00,4호기,야간,129.2,,1538.0,21.74,3.45,4.179,0.404,47.9,불량
LOT-2026-1221,2026-08-05 00:48:00,1호기,야간,129.6,,1530.0,21.67,3.496,4.17,0.405,48.2,양품
LOT-2026-1221,2026-08-05 00:51:00,2호기,야간,133.5,,1598.0,21.24,3.516,4.193,0.414,48.3,양품
LOT-2026-1221,2026-08-05 00:54:00,3호기,야간,129.2,,1354.0,21.28,3.474,4.182,0.429,24.3,양품
LOT-2026-1221,2026-08-05 00:57:00,4호기,야간,128.9,,1430.0,21.2,3.478,4.18,0.398,23.4,양품
LOT-2026-1221,2026-08-05 01:00:00,1호기,야간,129.8,116.8,1329.0,20.92,3.475,4.185,0.428,47.6,양품
LOT-2026-1221,2026-08-05 01:03:00,2호기,야간,131.6,114.8,1373.0,20.59,3.47,4.173,0.436,48.6,양품
LOT-2026-1221,2026-08-05 01:06:00,3호기,야간,132.5,123.2,1292.0,21.38,3.505,4.207,0.438,24.0,양품
LOT-2026-1221,2026-08-05 01:09:00,4호기,야간,133.1,116.5,1444.0,21.52,3.477,4.197,0.417,36.4,양품
LOT-2026-1221,2026-08-05 01:12:00,1호기,야간,134.5,113.3,1545.0,21.11,3.519,4.197,0.453,24.2,양품
LOT-2026-1221,2026-08-05 01:15:00,2호기,야간,132.6,119.7,1401.0,21.49,3.458,4.183,0.406,23.7,양품
LOT-2026-1221,2026-08-05 01:18:00,3호기,야간,131.8,117.9,1407.0,21.38,3.442,4.192,0.406,24.4,양품
LOT-2026-1221,2026-08-05 01:21:00,4호기,야간,131.8,118.5,1485.0,21.25,3.437,4.199,0.395,48.1,양품
LOT-2026-1221,2026-08-05 01:24:00,1호기,야간,133.3,115.5,1538.0,20.58,3.474,4.186,0.399,36.2,양품
LOT-2026-1221,2026-08-05 01:27:00,2호기,야간,130.8,116.0,1488.0,21.21,3.461,4.183,0.419,24.4,양품
LOT-2026-1221,2026-08-05 01:30:00,3호기,야간,132.8,120.1,1308.0,20.47,3.453,4.202,0.404,48.1,양품
LOT-2026-1221,2026-08-05 01:33:00,4호기,야간,132.0,115.7,1373.0,21.22,3.537,4.189,0.401,36.5,양품
LOT-2026-1221,2026-08-05 01:36:00,1호기,야간,127.2,117.1,1433.0,20.48,3.476,4.189,0.416,48.1,양품
LOT-2026-1221,2026-08-05 01:39:00,2호기,야간,133.0,118.9,1338.0,20.47,3.49,4.196,0.43,47.5,양품
LOT-2026-1221,2026-08-05 01:42:00,3호기,야간,131.1,119.2,1384.0,22.63,3.439,4.19,0.441,36.8,불량
LOT-2026-1221,2026-08-05 01:45:00,4호기,야간,133.2,115.7,1485.0,22.04,3.45,4.189,0.413,36.3,양품
LOT-2026-1221,2026-08-05 01:48:00,1호기,야간,133.8,117.4,1462.0,21.29,3.41,4.2,0.418,36.7,양품
LOT-2026-1221,2026-08-05 01:51:00,2호기,야간,133.2,118.3,1447.0,21.57,3.431,4.179,0.413,35.7,양품
LOT-2026-1221,2026-08-05 01:54:00,3호기,야간,131.1,115.8,1441.0,21.41,3.448,4.183,0.396,23.7,양품
LOT-2026-1221,2026-08-05 01:57:00,4호기,야간,132.7,120.0,1582.0,21.85,3.446,4.172,0.446,24.1,양품
LOT-2026-1222,2026-08-05 02:00:00,1호기,야간,134.3,116.9,1488.0,21.53,3.444,4.185,0.418,24.1,양품
LOT-2026-1222,2026-08-05 02:03:00,2호기,야간,129.7,116.0,1447.0,22.54,3.543,4.195,0.427,23.9,불량
LOT-2026-1222,2026-08-05 02:06:00,3호기,야간,131.7,115.2,1421.0,19.82,3.464,4.174,0.402,36.3,불량
LOT-2026-1222,2026-08-05 02:09:00,4호기,야간,133.8,118.4,1509.0,21.31,3.527,4.188,0.432,24.1,양품
LOT-2026-1222,2026-08-05 02:12:00,1호기,야간,133.1,122.5,1445.0,20.85,3.493,4.185,0.412,23.9,양품
LOT-2026-1222,2026-08-05 02:15:00,2호기,야간,130.0,119.3,1426.0,21.4,3.538,4.19,0.411,47.2,양품
LOT-2026-1222,2026-08-05 02:18:00,3호기,야간,129.0,113.8,1444.0,21.19,3.513,4.189,0.437,24.4,양품
LOT-2026-1222,2026-08-05 02:21:00,4호기,야간,130.4,116.4,1406.0,22.15,3.44,4.199,0.431,24.7,양품
LOT-2026-1222,2026-08-05 02:24:00,1호기,야간,132.9,121.5,1518.0,21.24,3.425,4.2,0.446,35.7,양품
LOT-2026-1222,2026-08-05 02:27:00,2호기,야간,132.7,113.0,1507.0,21.15,3.522,4.176,0.43,47.6,양품
LOT-2026-1222,2026-08-05 02:30:00,3호기,야간,131.6,117.2,1425.0,20.81,3.431,4.172,0.408,24.0,양품
LOT-2026-1222,2026-08-05 02:33:00,4호기,야간,130.5,114.8,1512.0,20.35,3.472,4.2,0.407,24.1,양품
LOT-2026-1222,2026-08-05 02:36:00,1호기,야간,134.2,115.9,1548.0,20.61,3.352,4.184,0.45,23.7,불량
LOT-2026-1222,2026-08-05 02:39:00,2호기,야간,131.7,119.2,1462.0,22.07,3.407,4.183,0.429,23.9,불량
LOT-2026-1222,2026-08-05 02:42:00,3호기,야간,133.7,116.6,1538.0,21.65,3.457,4.183,0.415,35.5,양품
LOT-2026-1222,2026-08-05 02:45:00,4호기,야간,131.6,119.4,1513.0,21.29,3.464,4.199,0.411,48.0,양품
LOT-2026-1222,2026-08-05 02:48:00,1호기,야간,134.3,116.7,1530.0,20.83,3.473,4.189,0.439,36.1,불량
LOT-2026-1222,2026-08-05 02:51:00,2호기,야간,132.5,116.7,1351.0,20.68,3.528,4.193,0.401,23.7,양품
LOT-2026-1222,2026-08-05 02:54:00,3호기,야간,130.6,113.9,1481.0,21.73,3.511,4.196,0.42,24.1,양품
LOT-2026-1222,2026-08-05 02:57:00,4호기,야간,134.5,119.1,1476.0,21.33,3.489,4.183,0.435,36.0,양품
LOT-2026-1222,2026-08-05 03:00:00,1호기,야간,132.0,115.2,1407.0,21.32,3.445,4.184,0.397,24.0,양품
LOT-2026-1222,2026-08-05 03:03:00,2호기,야간,133.7,120.0,1427.0,21.35,3.442,4.187,0.432,36.5,양품
LOT-2026-1222,2026-08-05 03:06:00,3호기,야간,128.0,114.5,1402.0,20.77,3.476,4.188,0.457,24.1,양품
LOT-2026-1222,2026-08-05 03:09:00,4호기,야간,130.5,116.4,1437.0,20.26,3.505,4.194,0.443,47.7,양품
LOT-2026-1222,2026-08-05 03:12:00,1호기,야간,133.2,116.5,1495.0,20.67,3.41,4.184,0.383,36.1,양품
LOT-2026-1222,2026-08-05 03:15:00,2호기,야간,128.4,117.1,1481.0,20.71,3.431,4.184,0.427,24.5,양품
LOT-2026-1222,2026-08-05 03:18:00,3호기,야간,132.6,115.8,1436.0,21.89,3.476,4.187,0.44,48.0,양품
LOT-2026-1222,2026-08-05 03:21:00,4호기,야간,132.0,118.6,1426.0,20.95,3.48,4.183,0.419,36.4,양품
LOT-2026-1222,2026-08-05 03:24:00,1호기,야간,133.8,117.5,1400.0,21.35,3.402,4.192,0.439,23.6,불량
LOT-2026-1222,2026-08-05 03:27:00,2호기,야간,132.4,112.7,1473.0,20.45,3.516,4.202,0.446,23.8,양품
LOT-2026-1222,2026-08-05 03:30:00,3호기,야간,130.2,120.7,1422.0,21.25,3.441,4.196,0.411,48.4,양품
LOT-2026-1222,2026-08-05 03:33:00,4호기,야간,130.3,120.4,1309.0,21.71,3.45,4.195,0.435,23.6,양품
LOT-2026-1222,2026-08-05 03:36:00,1호기,야간,129.4,121.9,1561.0,20.51,3.47,4.199,0.418,24.1,양품
LOT-2026-1222,2026-08-05 03:39:00,2호기,야간,129.0,117.8,1475.0,21.01,3.487,4.187,0.431,24.1,불량
LOT-2026-1222,2026-08-05 03:42:00,3호기,야간,131.1,118.0,1454.0,20.45,3.438,4.189,0.426,48.5,양품
LOT-2026-1222,2026-08-05 03:45:00,4호기,야간,129.7,115.9,1497.0,21.76,3.441,4.202,0.413,35.8,양품
LOT-2026-1222,2026-08-05 03:48:00,1호기,야간,129.9,115.8,1471.0,21.66,3.461,4.205,0.417,47.8,양품
LOT-2026-1222,2026-08-05 03:51:00,2호기,야간,131.2,119.3,1411.0,21.48,3.53,4.181,0.44,36.2,양품
LOT-2026-1222,2026-08-05 03:54:00,3호기,야간,131.1,116.1,1470.0,21.13,3.576,4.197,0.406,24.6,양품
LOT-2026-1222,2026-08-05 03:57:00,4호기,야간,129.1,117.8,1472.0,20.86,3.508,4.205,0.414,24.5,양품
LOT-2026-1223,2026-08-05 04:00:00,1호기,야간,129.4,113.9,1471.0,21.83,3.511,4.197,0.444,24.1,양품
LOT-2026-1223,2026-08-05 04:03:00,2호기,야간,129.7,116.7,1463.0,21.21,3.545,4.187,0.394,24.2,양품
LOT-2026-1223,2026-08-05 04:06:00,3호기,야간,133.7,119.6,1409.0,20.92,3.502,4.188,0.414,36.5,양품
LOT-2026-1223,2026-08-05 04:09:00,4호기,야간,132.9,119.4,1541.0,21.02,3.411,4.182,0.412,35.9,불량
LOT-2026-1223,2026-08-05 04:12:00,1호기,야간,131.9,119.9,1372.0,20.75,3.501,4.185,0.419,48.0,양품
LOT-2026-1223,2026-08-05 04:15:00,2호기,야간,130.6,115.2,1488.0,21.05,3.446,4.182,0.447,24.7,양품
LOT-2026-1223,2026-08-05 04:18:00,3호기,야간,133.9,121.0,1473.0,21.65,3.47,4.186,0.433,23.5,양품
LOT-2026-1223,2026-08-05 04:21:00,4호기,야간,133.5,120.6,1459.0,22.08,3.489,4.195,0.412,48.1,양품
LOT-2026-1223,2026-08-05 04:24:00,1호기,야간,134.5,117.1,1410.0,20.86,3.458,4.185,0.414,24.0,양품
LOT-2026-1223,2026-08-05 04:27:00,2호기,야간,131.7,117.5,1486.0,20.42,3.504,4.19,0.419,47.9,양품
LOT-2026-1223,2026-08-05 04:30:00,3호기,야간,136.2,119.6,1428.0,21.72,3.513,4.177,0.43,48.4,양품
LOT-2026-1223,2026-08-05 04:33:00,4호기,야간,132.1,115.9,1382.0,21.03,3.511,4.191,0.413,36.7,양품
LOT-2026-1223,2026-08-05 04:36:00,1호기,야간,130.9,117.4,1357.0,21.6,3.53,4.18,0.432,47.8,양품
LOT-2026-1223,2026-08-05 04:39:00,2호기,야간,130.9,121.0,1554.0,21.42,3.408,4.189,0.384,23.2,양품
LOT-2026-1223,2026-08-05 04:42:00,3호기,야간,128.8,117.2,1382.0,20.42,3.436,4.187,0.466,23.9,양품
LOT-2026-1223,2026-08-05 04:45:00,4호기,야간,133.4,117.5,1426.0,21.93,3.522,4.196,0.438,36.0,양품
LOT-2026-1223,2026-08-05 04:48:00,1호기,야간,134.1,118.4,1395.0,20.74,3.549,4.199,0.428,23.4,양품
LOT-2026-1223,2026-08-05 04:51:00,2호기,야간,130.4,116.3,1361.0,21.54,3.45,4.206,0.421,24.0,양품
LOT-2026-1223,2026-08-05 04:54:00,3호기,야간,130.3,121.5,1421.0,20.62,3.416,4.169,0.427,35.7,양품
LOT-2026-1223,2026-08-05 04:57:00,4호기,야간,132.2,117.8,1385.0,20.7,3.584,4.182,0.433,23.8,불량
LOT-2026-1223,2026-08-05 05:00:00,1호기,야간,132.0,115.2,1429.0,20.67,3.671,4.182,0.412,36.3,불량
LOT-2026-1223,2026-08-05 05:03:00,2호기,야간,131.3,117.9,1438.0,20.53,3.496,4.191,0.422,36.7,양품
LOT-2026-1223,2026-08-05 05:06:00,3호기,야간,130.8,119.8,1483.0,22.02,3.482,4.194,0.421,48.3,양품
LOT-2026-1223,2026-08-05 05:09:00,4호기,야간,128.4,118.7,1467.0,20.66,3.481,4.189,0.422,23.5,양품
LOT-2026-1223,2026-08-05 05:12:00,1호기,야간,132.5,118.1,1462.0,20.89,3.517,4.175,0.404,48.2,양품
LOT-2026-1223,2026-08-05 05:15:00,2호기,야간,131.4,118.3,1420.0,20.55,3.454,4.181,0.419,24.2,양품
LOT-2026-1223,2026-08-05 05:18:00,3호기,야간,130.3,116.9,1459.0,21.14,3.532,4.191,0.405,48.1,양품
LOT-2026-1223,2026-08-05 05:21:00,4호기,야간,130.8,120.4,1451.0,21.16,3.447,4.192,0.413,24.6,양품
LOT-2026-1223,2026-08-05 05:24:00,1호기,야간,132.7,120.9,1446.0,21.15,3.527,4.185,0.394,23.6,불량
LOT-2026-1223,2026-08-05 05:27:00,2호기,야간,129.1,119.6,1301.0,21.08,3.484,4.204,0.419,47.9,양품
LOT-2026-1223,2026-08-05 05:30:00,3호기,야간,131.0,123.0,1405.0,21.16,3.425,4.192,0.421,36.4,양품
LOT-2026-1223,2026-08-05 05:33:00,4호기,야간,132.2,117.9,1490.0,21.34,3.387,4.191,0.433,35.5,양품
LOT-2026-1223,2026-08-05 05:36:00,1호기,야간,133.2,121.4,1440.0,21.67,3.495,4.177,0.411,23.2,양품
LOT-2026-1223,2026-08-05 05:39:00,2호기,야간,135.0,116.6,1370.0,20.7,3.559,4.18,0.418,48.0,양품
LOT-2026-1223,2026-08-05 05:42:00,3호기,야간,133.2,118.3,1501.0,21.4,3.46,4.186,0.411,23.9,양품
LOT-2026-1223,2026-08-05 05:45:00,4호기,야간,133.4,131.1,1401.0,21.3,3.516,4.184,0.426,47.7,양품
LOT-2026-1223,2026-08-05 05:48:00,1호기,야간,132.8,119.2,1459.0,20.96,3.509,4.193,0.419,23.8,양품
LOT-2026-1223,2026-08-05 05:51:00,2호기,야간,128.6,117.2,1376.0,21.43,3.458,4.186,0.415,35.5,양품
LOT-2026-1223,2026-08-05 05:54:00,3호기,야간,130.0,112.1,1484.0,21.39,3.422,4.19,0.425,36.5,양품
LOT-2026-1223,2026-08-05 05:57:00,4호기,야간,128.7,119.7,1425.0,20.8,3.399,4.186,0.416,24.0,양품
LOT-2026-1224,2026-08-05 06:00:00,1호기,주간,132.7,116.3,1431.0,21.27,3.445,4.177,0.422,35.7,양품
LOT-2026-1224,2026-08-05 06:03:00,2호기,주간,134.6,117.3,1421.0,21.15,3.511,4.196,0.417,23.9,양품
LOT-2026-1224,2026-08-05 06:06:00,3호기,주간,133.0,118.3,1397.0,21.12,3.52,4.19,0.443,47.8,양품
LOT-2026-1224,2026-08-05 06:09:00,4호기,주간,133.2,115.9,1446.0,21.91,3.482,4.178,0.44,24.6,불량
LOT-2026-1224,2026-08-05 06:12:00,1호기,주간,130.5,119.5,1351.0,21.34,3.456,4.172,0.394,23.9,양품
LOT-2026-1224,2026-08-05 06:15:00,2호기,주간,132.4,116.4,1434.0,21.13,3.512,4.189,0.414,48.1,양품
LOT-2026-1224,2026-08-05 06:18:00,3호기,주간,131.0,118.8,1368.0,20.82,3.504,4.184,0.409,48.2,양품
LOT-2026-1224,2026-08-05 06:21:00,4호기,주간,134.0,117.2,1484.0,21.32,3.51,4.193,0.398,48.2,양품
LOT-2026-1224,2026-08-05 06:24:00,1호기,주간,129.8,119.6,1380.0,21.47,3.536,4.179,0.414,37.0,양품
LOT-2026-1224,2026-08-05 06:27:00,2호기,주간,131.3,117.3,1524.0,21.2,3.507,4.184,0.412,48.2,양품
LOT-2026-1224,2026-08-05 06:30:00,3호기,주간,131.1,118.6,1422.0,21.17,3.483,4.193,0.405,23.7,양품
LOT-2026-1224,2026-08-05 06:33:00,4호기,주간,129.1,120.4,1436.0,20.77,3.444,4.189,0.401,48.1,양품
LOT-2026-1224,2026-08-05 06:36:00,1호기,주간,132.0,118.5,1523.0,21.66,3.508,4.183,0.406,24.4,양품
LOT-2026-1224,2026-08-05 06:39:00,2호기,주간,129.6,118.1,1349.0,22.01,3.436,4.18,0.437,24.3,양품
LOT-2026-1224,2026-08-05 06:42:00,3호기,주간,134.6,121.7,1527.0,20.7,3.502,4.192,0.394,35.6,양품
LOT-2026-1224,2026-08-05 06:45:00,4호기,주간,131.2,114.7,1464.0,20.92,3.442,4.205,0.436,24.3,양품
LOT-2026-1224,2026-08-05 06:48:00,1호기,주간,132.0,114.1,1498.0,20.74,3.458,4.182,0.405,47.7,양품
LOT-2026-1224,2026-08-05 06:51:00,2호기,주간,130.1,118.1,1461.0,21.6,3.475,4.202,0.409,36.3,양품
LOT-2026-1224,2026-08-05 06:54:00,3호기,주간,130.5,117.5,1426.0,21.39,3.441,4.185,0.432,35.7,양품
LOT-2026-1224,2026-08-05 06:57:00,4호기,주간,129.3,116.5,1381.0,21.71,3.499,4.195,0.384,47.3,양품
LOT-2026-1224,2026-08-05 07:00:00,1호기,주간,128.7,115.8,1431.0,21.35,3.451,4.195,0.415,47.1,양품
LOT-2026-1224,2026-08-05 07:03:00,2호기,주간,129.0,118.6,1391.0,21.66,3.455,4.185,0.432,35.7,양품
LOT-2026-1224,2026-08-05 07:06:00,3호기,주간,128.7,119.0,1447.0,20.99,3.509,4.189,0.406,47.9,양품
LOT-2026-1224,2026-08-05 07:09:00,4호기,주간,130.2,118.5,1419.0,21.29,3.481,4.191,0.458,23.7,양품
LOT-2026-1224,2026-08-05 07:12:00,1호기,주간,130.6,118.1,1533.0,21.75,3.443,4.184,0.425,24.8,양품
LOT-2026-1224,2026-08-05 07:15:00,2호기,주간,130.8,120.8,1344.0,21.54,3.472,4.191,0.423,24.1,양품
LOT-2026-1224,2026-08-05 07:18:00,3호기,주간,130.5,118.8,1456.0,21.98,3.41,4.183,0.374,36.2,양품
LOT-2026-1224,2026-08-05 07:21:00,4호기,주간,129.4,118.8,1512.0,21.22,3.472,4.185,0.428,23.9,양품
LOT-2026-1224,2026-08-05 07:24:00,1호기,주간,130.4,115.6,1432.0,22.18,3.396,4.194,0.417,36.4,불량
LOT-2026-1224,2026-08-05 07:27:00,2호기,주간,133.6,112.7,1345.0,20.97,3.427,4.18,0.416,48.1,양품
LOT-2026-1224,2026-08-05 07:24:00,3호기,주간,132.8,115.9,1412.0,20.86,3.392,4.198,0.411,48.1,양품
LOT-2026-1224,2026-08-05 07:27:00,4호기,주간,131.8,117.7,1419.0,22.18,3.544,4.181,0.449,36.3,불량
LOT-2026-1224,2026-08-05 07:36:00,1호기,주간,135.8,117.6,1489.0,21.13,3.415,4.186,0.404,36.8,양품
LOT-2026-1224,2026-08-05 07:39:00,2호기,주간,132.7,119.0,1577.0,21.36,3.432,4.186,0.434,36.3,양품
LOT-2026-1224,2026-08-05 07:42:00,3호기,주간,134.2,114.0,1492.0,22.17,3.431,4.183,0.441,37.4,양품
LOT-2026-1224,2026-08-05 07:45:00,4호기,주간,133.6,113.8,1436.0,20.64,3.538,4.195,0.428,48.6,양품
LOT-2026-1224,2026-08-05 07:48:00,1호기,주간,134.3,121.6,1389.0,20.45,3.515,4.196,0.421,35.5,양품
LOT-2026-1224,2026-08-05 07:51:00,2호기,주간,131.6,121.3,1458.0,21.05,3.592,4.182,0.417,24.2,양품
LOT-2026-1224,2026-08-05 07:54:00,3호기,주간,132.7,117.9,1446.0,20.89,3.477,4.187,0.417,24.1,양품
LOT-2026-1224,2026-08-05 07:57:00,4호기,주간,134.0,118.0,1409.0,21.84,3.453,4.191,0.42,24.1,양품
LOT-2026-1225,2026-08-05 08:00:00,1호기,주간,130.2,119.6,1416.0,20.77,3.429,4.21,0.413,48.1,불량
LOT-2026-1225,2026-08-05 08:03:00,2호기,주간,130.1,115.0,1495.0,21.4,3.43,4.176,0.412,47.5,양품
LOT-2026-1225,2026-08-05 08:06:00,3호기,주간,130.0,116.3,1452.0,21.22,3.439,4.186,0.4,23.8,양품
LOT-2026-1225,2026-08-05 08:09:00,4호기,주간,133.1,120.1,1483.0,20.98,3.5,4.191,0.448,23.9,양품
LOT-2026-1225,2026-08-05 08:12:00,1호기,주간,129.2,118.2,1467.0,21.76,3.516,4.186,0.449,36.3,양품
LOT-2026-1225,2026-08-05 08:15:00,2호기,주간,133.2,120.1,1404.0,22.03,3.561,4.175,0.454,24.1,불량
LOT-2026-1225,2026-08-05 08:18:00,3호기,주간,133.5,119.0,1491.0,21.81,3.507,4.182,0.426,35.4,양품
LOT-2026-1225,2026-08-05 08:21:00,4호기,주간,129.5,115.3,1533.0,21.58,3.452,4.178,0.409,24.4,양품
LOT-2026-1225,2026-08-05 08:24:00,1호기,주간,134.2,115.1,1422.0,21.25,3.407,4.188,0.422,36.5,양품
LOT-2026-1225,2026-08-05 08:27:00,2호기,주간,133.3,118.1,1489.0,20.95,3.435,4.21,0.395,35.7,양품
LOT-2026-1225,2026-08-05 08:30:00,3호기,주간,131.0,116.1,1562.0,20.92,3.466,4.174,0.412,24.1,양품
LOT-2026-1225,2026-08-05 08:33:00,4호기,주간,131.6,118.1,1403.0,21.31,3.541,4.196,0.43,23.6,양품
LOT-2026-1225,2026-08-05 08:36:00,1호기,주간,130.6,116.1,1418.0,22.12,3.528,4.183,0.416,23.9,양품
LOT-2026-1225,2026-08-05 08:39:00,2호기,주간,136.0,117.5,1443.0,21.01,3.419,4.193,0.402,47.2,불량
LOT-2026-1225,2026-08-05 08:42:00,3호기,주간,131.4,118.7,1534.0,21.48,3.462,4.164,0.421,36.0,양품
LOT-2026-1225,2026-08-05 08:45:00,4호기,주간,129.4,114.5,1547.0,21.04,3.421,4.18,0.434,48.1,양품
LOT-2026-1225,2026-08-05 08:48:00,1호기,주간,131.2,117.1,1390.0,20.8,3.513,4.164,0.429,23.5,양품
LOT-2026-1225,2026-08-05 08:51:00,2호기,주간,133.1,119.2,1488.0,21.93,3.509,4.213,0.427,48.3,양품
LOT-2026-1225,2026-08-05 08:54:00,3호기,주간,132.8,113.6,1448.0,22.11,3.56,4.201,0.426,35.9,불량
LOT-2026-1225,2026-08-05 08:57:00,4호기,주간,129.4,117.8,1338.0,20.37,3.497,4.192,0.398,24.1,양품
LOT-2026-1225,2026-08-05 09:00:00,1호기,주간,133.5,118.3,1423.0,21.94,3.438,4.182,0.425,47.3,양품
LOT-2026-1225,2026-08-05 09:03:00,2호기,주간,131.5,120.0,1438.0,21.81,3.515,4.183,0.422,24.1,양품
LOT-2026-1225,2026-08-05 09:06:00,3호기,주간,127.8,116.8,1434.0,20.6,3.55,4.191,0.434,24.0,양품
LOT-2026-1225,2026-08-05 09:09:00,4호기,주간,129.8,118.4,1410.0,22.33,3.473,4.186,0.427,24.5,양품
LOT-2026-1225,2026-08-05 09:12:00,1호기,주간,131.4,121.1,1403.0,22.02,3.445,4.183,0.405,24.4,양품
LOT-2026-1225,2026-08-05 09:15:00,2호기,주간,130.9,118.1,1438.0,21.1,3.465,4.195,0.447,47.9,양품
LOT-2026-1225,2026-08-05 09:18:00,3호기,주간,132.1,119.1,1395.0,21.03,3.471,4.179,0.432,24.0,양품
LOT-2026-1225,2026-08-05 09:21:00,4호기,주간,133.4,116.7,1440.0,21.03,3.455,4.188,0.419,35.6,양품
LOT-2026-1225,2026-08-05 09:24:00,1호기,주간,132.9,120.3,1435.0,21.29,3.518,4.194,0.404,48.2,양품
LOT-2026-1225,2026-08-05 09:27:00,2호기,주간,130.5,119.0,1530.0,20.79,3.416,4.209,0.414,35.9,양품
LOT-2026-1225,2026-08-05 09:30:00,3호기,주간,132.8,119.9,1485.0,20.87,3.573,4.19,0.373,48.5,양품
LOT-2026-1225,2026-08-05 09:33:00,4호기,주간,131.1,118.9,1392.0,21.82,3.541,4.184,0.423,23.7,양품
LOT-2026-1225,2026-08-05 09:36:00,1호기,주간,132.1,118.4,1530.0,20.58,3.517,4.187,0.461,23.6,양품
LOT-2026-1225,2026-08-05 09:39:00,2호기,주간,131.7,116.9,1443.0,21.4,3.554,4.195,0.415,23.6,양품
LOT-2026-1225,2026-08-05 09:42:00,3호기,주간,131.3,120.3,1534.0,20.08,3.463,4.192,0.391,24.2,불량
LOT-2026-1225,2026-08-05 09:45:00,4호기,주간,131.1,117.5,1396.0,21.99,3.462,4.186,0.407,48.0,양품
LOT-2026-1225,2026-08-05 09:48:00,1호기,주간,130.8,116.4,1517.0,20.4,3.407,4.21,0.431,24.5,불량
LOT-2026-1225,2026-08-05 09:51:00,2호기,주간,131.8,115.2,1482.0,22.67,3.527,4.182,0.432,48.6,불량
LOT-2026-1225,2026-08-05 09:54:00,3호기,주간,131.1,119.5,1441.0,21.36,3.468,4.192,0.428,48.6,양품
LOT-2026-1225,2026-08-05 09:57:00,4호기,주간,133.0,114.1,1460.0,22.03,3.479,4.189,0.433,23.6,양품
LOT-2026-1226,2026-08-05 10:00:00,1호기,주간,133.3,119.9,1445.0,21.93,3.466,4.172,0.419,23.7,양품
LOT-2026-1226,2026-08-05 10:03:00,2호기,주간,130.8,120.8,1477.0,21.59,3.517,4.184,0.394,23.6,양품
LOT-2026-1226,2026-08-05 10:06:00,3호기,주간,132.8,118.9,1474.0,22.08,3.461,4.192,0.422,48.2,양품
LOT-2026-1226,2026-08-05 10:09:00,4호기,주간,130.6,116.1,1456.0,21.88,3.47,4.189,0.418,47.8,양품
LOT-2026-1226,2026-08-05 10:12:00,1호기,주간,130.4,114.6,1467.0,20.89,3.502,4.195,0.424,24.0,양품
LOT-2026-1226,2026-08-05 10:15:00,2호기,주간,128.9,119.3,1352.0,20.94,3.493,4.186,0.416,48.0,양품
LOT-2026-1226,2026-08-05 10:18:00,3호기,주간,130.0,115.4,1462.0,21.84,3.482,4.19,0.429,35.6,양품
LOT-2026-1226,2026-08-05 10:21:00,4호기,주간,128.5,117.4,1533.0,21.28,3.484,4.186,0.389,47.5,양품
LOT-2026-1226,2026-08-05 10:24:00,1호기,주간,132.1,116.7,1450.0,20.74,3.487,4.193,0.382,24.5,양품
LOT-2026-1226,2026-08-05 10:27:00,2호기,주간,133.0,118.8,1526.0,22.55,3.403,4.192,0.447,23.5,불량
LOT-2026-1226,2026-08-05 10:30:00,3호기,주간,133.0,116.3,1425.0,21.1,3.449,4.193,0.427,24.0,양품
LOT-2026-1226,2026-08-05 10:33:00,4호기,주간,131.3,118.8,1529.0,20.94,3.44,4.185,0.411,35.1,양품
LOT-2026-1226,2026-08-05 10:36:00,1호기,주간,128.7,117.1,1409.0,21.45,3.549,4.191,0.428,23.6,양품
LOT-2026-1226,2026-08-05 10:39:00,2호기,주간,128.5,116.9,1405.0,21.05,3.477,4.195,0.385,24.1,양품
LOT-2026-1226,2026-08-05 10:42:00,3호기,주간,127.8,122.4,1470.0,21.84,3.411,4.19,0.406,24.5,양품
LOT-2026-1226,2026-08-05 10:45:00,4호기,주간,133.5,118.2,1485.0,21.57,3.484,4.184,0.39,36.3,양품
LOT-2026-1226,2026-08-05 10:48:00,1호기,주간,132.9,120.3,1447.0,21.7,3.52,4.178,0.421,24.6,양품
LOT-2026-1226,2026-08-05 10:51:00,2호기,주간,132.9,120.0,1320.0,21.66,3.542,4.175,0.448,24.9,양품
LOT-2026-1226,2026-08-05 10:54:00,3호기,주간,127.7,118.5,1462.0,21.16,3.44,4.189,0.405,24.7,양품
LOT-2026-1226,2026-08-05 10:57:00,4호기,주간,132.8,115.4,1409.0,21.68,3.471,4.188,0.396,48.6,양품
LOT-2026-1226,2026-08-05 11:00:00,1호기,주간,129.4,116.9,1437.0,21.5,3.453,4.184,0.454,24.2,양품
LOT-2026-1226,2026-08-05 11:03:00,2호기,주간,131.4,118.5,1411.0,22.27,3.442,4.197,0.447,24.4,양품
LOT-2026-1226,2026-08-05 11:06:00,3호기,주간,131.4,119.4,1454.0,21.0,3.487,4.204,0.426,47.9,불량
LOT-2026-1226,2026-08-05 11:09:00,4호기,주간,130.6,115.6,1506.0,20.84,3.483,4.192,0.458,47.8,양품
LOT-2026-1226,2026-08-05 11:12:00,1호기,주간,131.3,121.7,1445.0,21.2,3.488,4.199,0.439,48.0,양품
LOT-2026-1226,2026-08-05 11:15:00,2호기,주간,133.7,120.8,1431.0,21.08,3.479,4.192,0.431,36.1,양품
LOT-2026-1226,2026-08-05 11:18:00,3호기,주간,131.0,122.8,1419.0,21.86,3.534,4.204,0.429,24.1,양품
LOT-2026-1226,2026-08-05 11:21:00,4호기,주간,134.2,120.2,1389.0,21.23,3.466,4.186,0.396,23.3,양품
LOT-2026-1226,2026-08-05 11:24:00,1호기,주간,129.7,121.0,1522.0,21.39,3.461,4.182,0.447,35.8,양품
LOT-2026-1226,2026-08-05 11:27:00,2호기,주간,129.2,114.9,1411.0,21.85,3.501,4.193,0.396,35.8,양품
LOT-2026-1226,2026-08-05 11:30:00,3호기,주간,132.5,113.9,1471.0,20.23,3.531,4.194,0.427,48.3,불량
LOT-2026-1226,2026-08-05 11:33:00,4호기,주간,131.9,116.6,1525.0,21.04,3.517,4.206,0.402,35.9,불량
LOT-2026-1226,2026-08-05 11:36:00,1호기,주간,132.3,121.9,1535.0,21.71,3.499,4.198,0.442,36.3,양품
LOT-2026-1226,2026-08-05 11:39:00,2호기,주간,133.8,120.3,1490.0,21.37,3.509,4.203,0.429,23.8,양품
LOT-2026-1226,2026-08-05 11:42:00,3호기,주간,132.2,116.0,1461.0,21.27,3.455,4.185,0.425,24.5,양품
LOT-2026-1226,2026-08-05 11:45:00,4호기,주간,134.8,120.2,1409.0,21.11,3.43,4.172,0.421,48.4,양품
LOT-2026-1226,2026-08-05 11:48:00,1호기,주간,133.3,117.3,1347.0,21.59,3.431,4.181,0.417,24.2,양품
LOT-2026-1226,2026-08-05 11:51:00,2호기,주간,130.4,115.5,1484.0,22.07,3.509,4.187,0.429,23.5,양품
LOT-2026-1226,2026-08-05 11:54:00,3호기,주간,131.9,121.5,1372.0,21.44,3.469,4.202,0.451,23.8,양품
LOT-2026-1226,2026-08-05 11:57:00,4호기,주간,128.7,113.7,1439.0,22.13,3.423,4.185,0.421,24.2,양품
LOT-2026-1227,2026-08-05 12:00:00,1호기,주간,131.8,118.9,1416.0,20.81,3.471,4.187,0.428,24.2,양품
LOT-2026-1227,2026-08-05 12:03:00,2호기,주간,131.4,118.2,1400.0,21.69,3.458,4.191,0.432,24.0,양품
LOT-2026-1227,2026-08-05 12:06:00,3호기,주간,132.0,117.4,1478.0,21.35,3.512,4.185,0.448,23.8,양품
LOT-2026-1227,2026-08-05 12:09:00,4호기,주간,133.6,116.4,1403.0,21.2,3.445,4.202,0.438,24.2,양품
LOT-2026-1227,2026-08-05 12:12:00,1호기,주간,128.4,117.0,1385.0,20.63,3.494,4.186,0.424,24.6,양품
LOT-2026-1227,2026-08-05 12:15:00,2호기,주간,133.2,113.4,1486.0,21.76,3.453,4.188,0.398,35.4,양품
LOT-2026-1227,2026-08-05 12:18:00,3호기,주간,135.7,116.9,1444.0,20.74,3.455,4.204,0.406,24.1,양품
LOT-2026-1227,2026-08-05 12:21:00,4호기,주간,132.0,121.0,1431.0,21.23,3.445,4.183,0.426,47.0,양품
LOT-2026-1227,2026-08-05 12:24:00,1호기,주간,131.2,112.7,1426.0,20.65,3.432,4.179,0.41,24.2,양품
LOT-2026-1227,2026-08-05 12:27:00,2호기,주간,128.8,117.1,1546.0,20.55,3.476,4.195,0.422,36.1,양품
LOT-2026-1227,2026-08-05 12:30:00,3호기,주간,132.1,117.9,1364.0,21.43,3.45,4.183,0.436,24.0,양품
LOT-2026-1227,2026-08-05 12:33:00,4호기,주간,131.5,115.6,1463.0,21.44,3.552,4.2,0.433,24.1,양품
LOT-2026-1227,2026-08-05 12:36:00,1호기,주간,132.0,118.2,1377.0,20.52,3.546,4.193,0.419,36.3,불량
LOT-2026-1227,2026-08-05 12:39:00,2호기,주간,132.3,129.1,1361.0,21.11,3.522,4.171,0.426,47.8,양품
LOT-2026-1227,2026-08-05 12:42:00,3호기,주간,132.1,118.1,1461.0,21.46,3.466,4.195,0.43,24.2,양품
LOT-2026-1227,2026-08-05 12:45:00,4호기,주간,133.9,119.9,1413.0,21.06,3.428,4.194,0.413,48.5,양품
LOT-2026-1227,2026-08-05 12:48:00,1호기,주간,131.3,120.5,1280.0,20.32,3.469,4.176,0.423,35.5,양품
LOT-2026-1227,2026-08-05 12:51:00,2호기,주간,135.5,120.4,1399.0,20.51,3.492,4.194,0.402,36.1,양품
LOT-2026-1227,2026-08-05 12:54:00,3호기,주간,132.7,117.8,1318.0,20.66,3.424,4.2,0.447,24.4,양품
LOT-2026-1227,2026-08-05 12:57:00,4호기,주간,131.2,120.3,1369.0,21.57,3.454,4.19,0.409,36.1,양품
LOT-2026-1227,2026-08-05 13:00:00,1호기,주간,129.4,118.7,1532.0,21.72,3.448,4.196,0.424,24.5,양품
LOT-2026-1227,2026-08-05 13:03:00,2호기,주간,129.7,117.7,1498.0,21.24,3.5,4.205,0.43,23.5,양품
LOT-2026-1227,2026-08-05 13:06:00,3호기,주간,129.4,120.9,1455.0,20.61,3.507,4.188,0.412,23.8,양품
LOT-2026-1227,2026-08-05 13:09:00,4호기,주간,130.7,121.3,1395.0,21.89,3.445,4.18,0.43,24.4,양품
LOT-2026-1227,2026-08-05 13:12:00,1호기,주간,133.1,116.0,1575.0,20.59,3.562,4.183,0.429,35.1,불량
LOT-2026-1227,2026-08-05 13:15:00,2호기,주간,132.2,117.8,1410.0,22.01,3.44,4.192,0.435,47.7,불량
LOT-2026-1227,2026-08-05 13:18:00,3호기,주간,130.3,118.5,1438.0,21.92,3.517,4.189,0.453,24.3,양품
LOT-2026-1227,2026-08-05 13:21:00,4호기,주간,131.7,118.8,1497.0,20.99,3.49,4.196,0.428,36.3,양품
LOT-2026-1227,2026-08-05 13:24:00,1호기,주간,129.6,118.4,1446.0,21.38,3.431,4.195,0.405,48.2,불량
LOT-2026-1227,2026-08-05 13:27:00,2호기,주간,132.6,116.7,1413.0,20.56,3.441,4.183,0.409,23.7,양품
LOT-2026-1227,2026-08-05 13:30:00,3호기,주간,129.9,118.3,1418.0,21.28,3.458,4.18,0.432,23.8,양품
LOT-2026-1227,2026-08-05 13:33:00,4호기,주간,129.7,119.5,1346.0,21.73,3.528,4.181,0.398,36.2,양품
LOT-2026-1227,2026-08-05 13:36:00,1호기,주간,127.0,122.9,1440.0,20.88,3.542,4.185,0.423,36.5,양품
LOT-2026-1227,2026-08-05 13:39:00,2호기,주간,130.4,118.6,1494.0,20.7,3.441,4.201,0.412,36.0,양품
LOT-2026-1227,2026-08-05 13:42:00,3호기,주간,134.5,118.3,1447.0,20.93,3.507,4.178,0.416,48.3,양품
LOT-2026-1227,2026-08-05 13:45:00,4호기,주간,131.6,120.1,1323.0,21.28,3.435,4.19,0.428,35.6,양품
LOT-2026-1227,2026-08-05 13:48:00,1호기,주간,130.3,115.4,1463.0,22.04,3.426,4.182,0.424,24.6,양품
LOT-2026-1227,2026-08-05 13:51:00,2호기,주간,128.0,118.8,1408.0,21.62,3.401,4.2,0.429,23.7,양품
LOT-2026-1227,2026-08-05 13:54:00,3호기,주간,131.4,117.8,1405.0,22.32,3.521,4.186,0.414,24.0,불량
LOT-2026-1227,2026-08-05 13:57:00,4호기,주간,131.1,120.0,1450.0,21.69,3.488,4.197,0.451,24.5,양품
LOT-2026-1228,2026-08-05 14:00:00,1호기,주간,126.9,118.7,1364.0,22.09,3.502,4.188,0.406,23.9,양품
LOT-2026-1228,2026-08-05 14:03:00,2호기,주간,133.4,119.6,1505.0,20.57,3.519,4.194,0.446,24.2,양품
LOT-2026-1228,2026-08-05 14:06:00,3호기,주간,130.1,115.7,1436.0,20.78,3.506,4.199,0.417,23.8,양품
LOT-2026-1228,2026-08-05 14:09:00,4호기,주간,130.2,132.1,1444.0,21.83,3.472,4.199,0.403,36.0,양품
LOT-2026-1228,2026-08-05 14:12:00,1호기,주간,126.5,119.1,1369.0,20.37,3.503,4.184,0.426,23.9,양품
LOT-2026-1228,2026-08-05 14:15:00,2호기,주간,132.6,115.9,1552.0,21.22,3.472,4.186,0.402,47.9,양품
LOT-2026-1228,2026-08-05 14:18:00,3호기,주간,133.3,117.1,1522.0,20.27,3.505,4.203,0.394,35.7,불량
LOT-2026-1228,2026-08-05 14:21:00,4호기,주간,131.9,113.5,1492.0,21.06,3.471,4.202,0.396,23.9,양품
LOT-2026-1228,2026-08-05 14:24:00,1호기,주간,131.6,120.2,1470.0,21.89,3.405,4.188,0.412,23.9,양품
LOT-2026-1228,2026-08-05 14:27:00,2호기,주간,128.8,116.7,1406.0,20.44,3.474,4.186,0.425,24.0,양품
LOT-2026-1228,2026-08-05 14:30:00,3호기,주간,133.0,118.2,1442.0,21.84,3.469,4.198,0.432,23.9,양품
LOT-2026-1228,2026-08-05 14:33:00,4호기,주간,129.3,116.7,1395.0,20.56,3.449,4.181,0.403,23.6,양품
LOT-2026-1228,2026-08-05 14:36:00,1호기,주간,129.3,117.5,1442.0,21.98,3.505,4.184,0.411,24.5,양품
LOT-2026-1228,2026-08-05 14:39:00,2호기,주간,132.8,118.5,1432.0,20.97,3.44,4.18,0.423,24.1,양품
LOT-2026-1228,2026-08-05 14:42:00,3호기,주간,133.1,119.3,1391.0,21.69,3.441,4.185,0.409,24.6,양품
LOT-2026-1228,2026-08-05 14:45:00,4호기,주간,129.5,129.4,1385.0,21.6,3.468,4.206,0.419,24.1,양품
LOT-2026-1228,2026-08-05 14:48:00,1호기,주간,132.2,120.1,1524.0,20.58,3.381,4.184,0.443,23.9,불량
LOT-2026-1228,2026-08-05 14:51:00,2호기,주간,130.6,116.7,1444.0,21.39,3.473,4.182,0.435,47.6,양품
LOT-2026-1228,2026-08-05 14:54:00,3호기,주간,130.9,116.8,1375.0,21.31,3.605,4.205,0.434,23.3,양품
LOT-2026-1228,2026-08-05 14:57:00,4호기,주간,131.7,119.8,1485.0,22.28,3.442,4.202,0.41,48.1,양품
LOT-2026-1228,2026-08-05 15:00:00,1호기,주간,133.5,115.3,1362.0,20.73,3.443,4.177,0.422,24.8,양품
LOT-2026-1228,2026-08-05 15:03:00,2호기,주간,130.1,115.2,1485.0,21.33,3.386,4.202,0.409,48.3,양품
LOT-2026-1228,2026-08-05 15:06:00,3호기,주간,131.7,121.2,1417.0,21.38,3.442,4.199,0.435,24.0,양품
LOT-2026-1228,2026-08-05 15:09:00,4호기,주간,133.3,116.6,1354.0,21.84,3.464,4.184,0.409,36.2,양품
LOT-2026-1228,2026-08-05 15:12:00,1호기,주간,128.3,118.7,1491.0,21.06,3.454,4.181,0.401,23.9,양품
LOT-2026-1228,2026-08-05 15:15:00,2호기,주간,133.7,128.3,1558.0,20.72,3.52,4.198,0.418,35.9,양품
LOT-2026-1228,2026-08-05 15:18:00,3호기,주간,132.2,122.2,1528.0,21.89,3.44,4.187,0.426,48.3,양품
LOT-2026-1228,2026-08-05 15:21:00,4호기,주간,129.2,115.1,1347.0,20.96,3.529,4.189,0.401,47.4,양품
LOT-2026-1228,2026-08-05 15:24:00,1호기,주간,134.2,116.9,1377.0,21.08,3.469,4.209,0.397,36.0,양품
LOT-2026-1228,2026-08-05 15:27:00,2호기,주간,129.3,119.2,1406.0,20.71,3.47,4.205,0.398,35.8,양품
LOT-2026-1228,2026-08-05 15:30:00,3호기,주간,129.3,116.7,1481.0,21.77,3.514,4.219,0.403,48.2,양품
LOT-2026-1228,2026-08-05 15:33:00,4호기,주간,129.7,115.0,1454.0,21.12,3.52,4.197,0.39,48.1,양품
LOT-2026-1228,2026-08-05 15:36:00,1호기,주간,129.6,116.2,1429.0,20.95,3.453,4.185,0.42,35.6,양품
LOT-2026-1228,2026-08-05 15:39:00,2호기,주간,127.8,117.7,1417.0,21.63,3.458,4.206,0.411,47.8,양품
LOT-2026-1228,2026-08-05 15:42:00,3호기,주간,133.6,117.5,1427.0,20.96,3.462,4.181,0.423,23.4,양품
LOT-2026-1228,2026-08-05 15:45:00,4호기,주간,130.4,115.3,1424.0,21.89,3.501,4.199,0.427,35.9,양품
LOT-2026-1228,2026-08-05 15:48:00,1호기,주간,131.2,121.8,1536.0,21.52,3.46,4.178,0.429,48.0,양품
LOT-2026-1228,2026-08-05 15:51:00,2호기,주간,130.7,116.5,1468.0,21.53,3.463,4.176,0.44,35.7,양품
LOT-2026-1228,2026-08-05 15:54:00,3호기,주간,132.7,116.5,1429.0,20.98,3.473,4.195,0.428,23.9,양품
LOT-2026-1228,2026-08-05 15:57:00,4호기,주간,132.3,116.5,1486.0,21.99,3.489,4.186,0.408,48.0,양품
LOT-2026-1229,2026-08-05 16:00:00,1호기,주간,130.9,115.9,1488.0,20.87,3.459,4.191,0.415,47.7,양품
LOT-2026-1229,2026-08-05 16:03:00,2호기,주간,130.6,114.3,1424.0,21.6,3.437,4.183,0.411,35.5,양품
LOT-2026-1229,2026-08-05 16:06:00,3호기,주간,131.6,116.4,1497.0,21.94,3.49,4.202,0.427,24.6,양품
LOT-2026-1229,2026-08-05 16:09:00,4호기,주간,133.5,116.3,1456.0,21.28,3.492,4.194,0.404,35.9,양품
LOT-2026-1229,2026-08-05 16:12:00,1호기,주간,130.5,117.9,1383.0,21.02,3.555,4.191,0.407,47.6,양품
LOT-2026-1229,2026-08-05 16:15:00,2호기,주간,128.2,118.0,1473.0,21.46,3.401,4.193,0.421,22.9,양품
LOT-2026-1229,2026-08-05 16:18:00,3호기,주간,131.6,119.7,1369.0,21.96,3.439,4.188,0.445,23.9,양품
LOT-2026-1229,2026-08-05 16:21:00,4호기,주간,130.4,114.9,1444.0,21.07,3.461,4.186,0.417,23.7,양품
LOT-2026-1229,2026-08-05 16:24:00,1호기,주간,135.7,114.0,1445.0,21.02,3.507,4.184,0.423,23.6,양품
LOT-2026-1229,2026-08-05 16:27:00,2호기,주간,128.4,118.6,1528.0,20.77,3.472,4.178,0.389,47.8,불량
LOT-2026-1229,2026-08-05 16:30:00,3호기,주간,132.0,121.7,1368.0,21.37,3.508,4.187,0.413,47.9,양품
LOT-2026-1229,2026-08-05 16:33:00,4호기,주간,128.4,118.2,1401.0,22.01,3.53,4.185,0.399,36.2,양품
LOT-2026-1229,2026-08-05 16:36:00,1호기,주간,130.7,114.3,1452.0,19.92,3.457,4.196,0.418,24.3,불량
LOT-2026-1229,2026-08-05 16:39:00,2호기,주간,129.8,119.8,1415.0,21.04,3.419,4.19,0.444,35.9,양품
LOT-2026-1229,2026-08-05 16:42:00,3호기,주간,128.9,112.6,1448.0,20.91,3.454,4.184,0.442,48.3,양품
LOT-2026-1229,2026-08-05 16:45:00,4호기,주간,130.9,120.5,1475.0,21.55,3.532,4.187,0.423,35.8,양품
LOT-2026-1229,2026-08-05 16:48:00,1호기,주간,131.1,116.5,1366.0,21.4,3.497,4.191,0.417,36.5,양품
LOT-2026-1229,2026-08-05 16:51:00,2호기,주간,131.6,117.5,1395.0,22.03,3.479,4.192,0.423,23.8,양품
LOT-2026-1229,2026-08-05 16:54:00,3호기,주간,130.1,116.1,1504.0,21.53,3.484,4.202,0.445,36.1,양품
LOT-2026-1229,2026-08-05 16:57:00,4호기,주간,131.5,114.9,1378.0,22.38,3.499,4.194,0.404,24.2,양품
LOT-2026-1229,2026-08-05 17:00:00,1호기,주간,130.2,114.5,1445.0,21.16,3.481,4.196,0.392,24.1,양품
LOT-2026-1229,2026-08-05 17:03:00,2호기,주간,129.5,121.3,1465.0,21.28,3.48,4.187,0.419,36.2,양품
LOT-2026-1229,2026-08-05 17:06:00,3호기,주간,132.8,117.1,1492.0,21.46,3.498,4.185,0.421,23.5,양품
LOT-2026-1229,2026-08-05 17:09:00,4호기,주간,130.1,118.1,1465.0,21.64,3.459,4.196,0.421,35.3,양품
LOT-2026-1229,2026-08-05 17:12:00,1호기,주간,133.8,114.5,1449.0,20.86,3.456,4.176,0.41,24.0,양품
LOT-2026-1229,2026-08-05 17:15:00,2호기,주간,131.8,117.9,1495.0,21.99,3.437,4.197,0.436,36.7,양품
LOT-2026-1229,2026-08-05 17:18:00,3호기,주간,134.5,117.4,1366.0,20.79,3.442,4.188,0.37,23.7,양품
LOT-2026-1229,2026-08-05 17:21:00,4호기,주간,133.6,117.0,1416.0,21.57,3.524,4.193,0.437,47.6,양품
LOT-2026-1229,2026-08-05 17:24:00,1호기,주간,131.2,117.2,1486.0,20.39,3.451,4.185,0.416,48.1,양품
LOT-2026-1229,2026-08-05 17:27:00,2호기,주간,132.3,122.9,1418.0,20.85,3.452,4.189,0.461,23.6,양품
LOT-2026-1229,2026-08-05 17:30:00,3호기,주간,132.8,119.5,1441.0,20.64,3.493,4.187,0.418,35.6,양품
LOT-2026-1229,2026-08-05 17:33:00,4호기,주간,128.6,118.9,1414.0,20.8,3.572,4.186,0.417,47.9,양품
LOT-2026-1229,2026-08-05 17:36:00,1호기,주간,132.1,117.4,1585.0,21.48,3.377,4.189,0.43,48.1,양품
LOT-2026-1229,2026-08-05 17:39:00,2호기,주간,132.8,116.5,1343.0,21.61,3.502,4.192,0.416,47.8,양품
LOT-2026-1229,2026-08-05 17:42:00,3호기,주간,135.4,116.2,1383.0,21.67,3.559,4.175,0.402,48.2,양품
LOT-2026-1229,2026-08-05 17:45:00,4호기,주간,132.7,120.0,1379.0,21.68,3.478,4.181,0.407,36.2,양품
LOT-2026-1229,2026-08-05 17:48:00,1호기,주간,130.8,122.5,1417.0,21.06,3.531,4.195,0.418,36.3,양품
LOT-2026-1229,2026-08-05 17:51:00,2호기,주간,130.7,118.1,1372.0,21.26,3.551,4.194,0.4,35.7,양품
LOT-2026-1229,2026-08-05 17:54:00,3호기,주간,134.6,116.7,1521.0,21.49,3.457,4.195,0.422,24.5,양품
LOT-2026-1229,2026-08-05 17:57:00,4호기,주간,130.7,119.6,1463.0,21.06,3.495,4.188,0.378,36.2,양품
LOT-2026-1230,2026-08-05 18:00:00,1호기,야간,130.9,117.9,1484.0,21.09,3.503,4.185,0.434,35.8,양품
LOT-2026-1230,2026-08-05 18:03:00,2호기,야간,132.7,119.7,1429.0,21.63,3.477,4.178,0.436,48.4,양품
LOT-2026-1230,2026-08-05 18:06:00,3호기,야간,127.5,118.1,1417.0,21.55,3.499,4.188,0.425,23.4,양품
LOT-2026-1230,2026-08-05 18:09:00,4호기,야간,128.2,118.3,1448.0,20.97,3.533,4.2,0.414,36.5,양품
LOT-2026-1230,2026-08-05 18:12:00,1호기,야간,129.7,116.7,1516.0,22.19,3.446,4.195,0.415,23.9,양품
LOT-2026-1230,2026-08-05 18:15:00,2호기,야간,131.3,122.3,1473.0,20.78,3.439,4.197,0.448,23.6,양품
LOT-2026-1230,2026-08-05 18:18:00,3호기,야간,133.4,117.5,1485.0,21.36,3.566,4.192,0.431,36.4,양품
LOT-2026-1230,2026-08-05 18:21:00,4호기,야간,130.9,119.8,1374.0,21.74,3.402,4.19,0.413,48.0,양품
LOT-2026-1230,2026-08-05 18:24:00,1호기,야간,132.6,116.5,1363.0,21.41,3.472,4.191,0.439,24.0,양품
LOT-2026-1230,2026-08-05 18:27:00,2호기,야간,133.0,116.6,1491.0,20.95,3.545,4.187,0.4,35.8,양품
LOT-2026-1230,2026-08-05 18:30:00,3호기,야간,131.7,118.5,1353.0,21.6,3.533,4.192,0.425,48.1,양품
LOT-2026-1230,2026-08-05 18:33:00,4호기,야간,134.8,119.4,1459.0,21.02,3.467,4.185,0.43,47.7,양품
LOT-2026-1230,2026-08-05 18:36:00,1호기,야간,130.8,119.6,1459.0,21.34,3.532,4.192,0.407,36.4,양품
LOT-2026-1230,2026-08-05 18:39:00,2호기,야간,135.5,116.7,1610.0,20.51,3.519,4.189,0.395,23.7,양품
LOT-2026-1230,2026-08-05 18:42:00,3호기,야간,134.7,116.7,1454.0,20.98,3.529,4.196,0.41,23.7,양품
LOT-2026-1230,2026-08-05 18:45:00,4호기,야간,135.3,119.0,1442.0,21.64,3.512,4.182,0.428,35.6,양품
LOT-2026-1230,2026-08-05 18:48:00,1호기,야간,132.6,117.2,1502.0,22.0,3.502,4.184,0.435,23.8,양품
LOT-2026-1230,2026-08-05 18:51:00,2호기,야간,130.7,119.4,1409.0,21.17,3.525,4.176,0.441,23.7,양품
LOT-2026-1230,2026-08-05 18:54:00,3호기,야간,129.6,116.4,1408.0,21.14,3.496,4.204,0.419,36.0,양품
LOT-2026-1230,2026-08-05 18:57:00,4호기,야간,132.8,116.4,1421.0,21.11,3.503,4.174,0.394,47.4,양품
LOT-2026-1230,2026-08-05 19:00:00,1호기,야간,132.1,120.1,1424.0,21.34,3.44,4.198,0.414,36.5,양품
LOT-2026-1230,2026-08-05 19:03:00,2호기,야간,133.8,117.1,1552.0,20.97,3.479,4.178,0.412,48.4,양품
LOT-2026-1230,2026-08-05 19:06:00,3호기,야간,134.6,120.3,1405.0,21.63,3.485,4.194,0.417,36.1,양품
LOT-2026-1230,2026-08-05 19:09:00,4호기,야간,130.3,117.4,1426.0,21.56,3.448,4.175,0.424,35.1,양품
LOT-2026-1230,2026-08-05 19:12:00,1호기,야간,135.3,117.5,1475.0,21.27,3.48,4.178,0.417,24.0,양품
LOT-2026-1230,2026-08-05 19:15:00,2호기,야간,132.3,117.5,1381.0,21.98,3.376,4.195,0.417,35.5,불량
LOT-2026-1230,2026-08-05 19:18:00,3호기,야간,131.2,116.5,1494.0,21.51,3.46,4.192,0.423,35.8,양품
LOT-2026-1230,2026-08-05 19:21:00,4호기,야간,133.8,120.5,1539.0,21.97,3.49,4.187,0.418,23.6,양품
LOT-2026-1230,2026-08-05 19:24:00,1호기,야간,129.0,118.5,1422.0,22.04,3.484,4.185,0.413,24.2,양품
LOT-2026-1230,2026-08-05 19:27:00,2호기,야간,130.9,118.1,1526.0,21.79,3.508,4.175,0.422,48.5,양품
LOT-2026-1230,2026-08-05 19:30:00,3호기,야간,129.4,118.9,1549.0,21.23,3.398,4.201,0.433,47.1,양품
LOT-2026-1230,2026-08-05 19:33:00,4호기,야간,128.9,119.7,1410.0,20.35,3.484,4.197,0.443,35.9,양품
LOT-2026-1230,2026-08-05 19:36:00,1호기,야간,128.6,113.6,1540.0,21.55,3.465,4.179,0.404,24.2,양품
LOT-2026-1230,2026-08-05 19:39:00,2호기,야간,130.1,121.5,1380.0,20.94,3.458,4.18,0.429,23.4,양품
LOT-2026-1230,2026-08-05 19:42:00,3호기,야간,130.9,118.7,1495.0,20.92,3.487,4.2,0.443,24.4,양품
LOT-2026-1230,2026-08-05 19:45:00,4호기,야간,129.7,118.9,1398.0,20.84,3.505,4.198,0.425,35.6,양품
LOT-2026-1230,2026-08-05 19:48:00,1호기,야간,133.7,120.1,1512.0,21.74,3.514,4.195,0.409,47.6,양품
LOT-2026-1230,2026-08-05 19:51:00,2호기,야간,129.6,119.1,1457.0,21.75,3.506,4.182,0.408,35.7,불량
LOT-2026-1230,2026-08-05 19:54:00,3호기,야간,129.8,120.5,1396.0,22.52,3.373,4.192,0.44,47.7,불량
LOT-2026-1230,2026-08-05 19:57:00,4호기,야간,136.9,103.9,1485.0,21.47,3.492,4.183,0.432,47.8,양품
LOT-2026-1231,2026-08-05 20:00:00,1호기,야간,130.5,116.8,1505.0,21.95,3.536,4.203,0.403,47.8,양품
LOT-2026-1231,2026-08-05 20:03:00,2호기,야간,129.4,115.7,1437.0,20.42,3.515,4.2,0.407,36.3,양품
LOT-2026-1231,2026-08-05 20:06:00,3호기,야간,128.5,118.4,1428.0,20.63,3.53,4.187,0.424,24.6,양품
LOT-2026-1231,2026-08-05 20:09:00,4호기,야간,129.8,114.3,1435.0,21.05,3.454,4.187,0.419,36.7,양품
LOT-2026-1231,2026-08-05 20:12:00,1호기,야간,129.6,116.9,1471.0,21.77,3.443,4.186,0.444,35.8,양품
LOT-2026-1231,2026-08-05 20:15:00,2호기,야간,129.8,118.4,1519.0,21.02,3.437,4.169,0.4,24.1,양품
LOT-2026-1231,2026-08-05 20:18:00,3호기,야간,131.8,119.7,1438.0,20.79,3.485,4.193,0.43,24.0,양품
LOT-2026-1231,2026-08-05 20:21:00,4호기,야간,131.9,117.3,1464.0,21.29,3.454,4.189,0.408,36.4,양품
LOT-2026-1231,2026-08-05 20:24:00,1호기,야간,131.7,120.2,1432.0,20.73,3.492,4.178,0.445,35.7,양품
LOT-2026-1231,2026-08-05 20:27:00,2호기,야간,132.1,118.1,1483.0,20.32,3.482,4.174,0.446,35.5,양품
LOT-2026-1231,2026-08-05 20:30:00,3호기,야간,132.9,114.0,1470.0,21.32,3.483,4.179,0.449,24.0,양품
LOT-2026-1231,2026-08-05 20:33:00,4호기,야간,130.6,117.9,1483.0,20.95,3.458,4.175,0.399,23.8,양품
LOT-2026-1231,2026-08-05 20:36:00,1호기,야간,131.3,121.4,1548.0,22.43,3.466,4.185,0.427,23.9,양품
LOT-2026-1231,2026-08-05 20:39:00,2호기,야간,131.3,116.5,1488.0,21.23,3.407,4.174,0.421,35.5,양품
LOT-2026-1231,2026-08-05 20:42:00,3호기,야간,131.5,115.3,1450.0,21.06,3.472,4.192,0.403,36.2,양품
LOT-2026-1231,2026-08-05 20:45:00,4호기,야간,132.0,116.3,1486.0,20.43,3.485,4.189,0.414,24.1,양품
LOT-2026-1231,2026-08-05 20:48:00,1호기,야간,134.6,117.4,1412.0,21.0,3.495,4.186,0.428,48.6,양품
LOT-2026-1231,2026-08-05 20:51:00,2호기,야간,129.7,119.2,1368.0,21.31,3.513,4.188,0.419,36.6,양품
LOT-2026-1231,2026-08-05 20:54:00,3호기,야간,133.9,121.8,1533.0,21.52,3.506,4.215,0.394,23.4,양품
LOT-2026-1231,2026-08-05 20:57:00,4호기,야간,134.3,116.2,1532.0,21.62,3.47,4.191,0.415,36.4,양품
LOT-2026-1231,2026-08-05 21:00:00,1호기,야간,133.4,115.8,1510.0,21.61,3.497,4.199,0.438,48.2,양품
LOT-2026-1231,2026-08-05 21:03:00,2호기,야간,128.7,115.5,1460.0,21.45,3.535,4.196,0.436,23.6,양품
LOT-2026-1231,2026-08-05 21:06:00,3호기,야간,129.8,121.1,1356.0,21.19,3.475,4.186,0.398,24.1,양품
LOT-2026-1231,2026-08-05 21:09:00,4호기,야간,130.1,116.6,1395.0,20.15,3.45,4.176,0.442,47.9,불량
LOT-2026-1231,2026-08-05 21:12:00,1호기,야간,131.2,118.0,1481.0,21.13,3.427,4.195,0.417,47.8,양품
LOT-2026-1231,2026-08-05 21:15:00,2호기,야간,131.3,121.3,1363.0,20.45,3.438,4.188,0.434,23.9,양품
LOT-2026-1231,2026-08-05 21:18:00,3호기,야간,131.6,113.4,1441.0,21.32,3.496,4.206,0.411,35.9,양품
LOT-2026-1231,2026-08-05 21:21:00,4호기,야간,133.8,114.7,1423.0,20.95,3.424,4.2,0.44,35.6,양품
LOT-2026-1231,2026-08-05 21:24:00,1호기,야간,128.4,120.7,1370.0,21.11,3.519,4.198,0.421,23.8,양품
LOT-2026-1231,2026-08-05 21:27:00,2호기,야간,131.5,116.5,1599.0,21.87,3.507,4.182,0.45,48.8,양품
LOT-2026-1231,2026-08-05 21:30:00,3호기,야간,134.1,117.0,1502.0,20.33,3.466,4.187,0.377,35.6,양품
LOT-2026-1231,2026-08-05 21:33:00,4호기,야간,129.0,118.0,1353.0,21.22,3.46,4.195,0.459,36.3,양품
LOT-2026-1231,2026-08-05 21:36:00,1호기,야간,135.3,117.8,1440.0,20.62,3.423,4.197,0.399,24.1,양품
LOT-2026-1231,2026-08-05 21:39:00,2호기,야간,131.8,118.3,1394.0,21.16,3.465,4.206,0.396,48.4,양품
LOT-2026-1231,2026-08-05 21:42:00,3호기,야간,129.0,122.8,1489.0,20.85,3.505,4.188,0.427,23.7,양품
LOT-2026-1231,2026-08-05 21:45:00,4호기,야간,132.4,118.6,1443.0,21.13,3.428,4.178,0.477,23.7,양품
LOT-2026-1231,2026-08-05 21:48:00,1호기,야간,130.0,120.4,1398.0,20.76,3.459,4.197,0.438,35.8,양품
LOT-2026-1231,2026-08-05 21:51:00,2호기,야간,132.6,117.9,1535.0,21.23,3.478,4.19,0.433,47.8,양품
LOT-2026-1231,2026-08-05 21:54:00,3호기,야간,130.6,116.0,1435.0,21.7,3.543,4.2,0.43,24.8,양품
LOT-2026-1231,2026-08-05 21:57:00,4호기,야간,130.4,121.4,1483.0,21.18,3.509,4.197,0.421,48.7,양품
LOT-2026-1232,2026-08-05 22:00:00,1호기,야간,131.9,117.9,1422.0,20.8,3.497,4.194,0.434,23.7,양품
LOT-2026-1232,2026-08-05 22:03:00,2호기,야간,131.7,125.3,1396.0,21.61,3.524,4.189,0.404,36.1,양품
LOT-2026-1232,2026-08-05 22:06:00,3호기,야간,131.9,113.8,1542.0,21.5,3.469,4.2,0.434,24.5,양품
LOT-2026-1232,2026-08-05 22:09:00,4호기,야간,131.1,116.9,1473.0,21.15,3.485,4.186,0.398,24.4,양품
LOT-2026-1232,2026-08-05 22:12:00,1호기,야간,133.2,117.2,1488.0,22.07,3.458,4.19,0.409,48.1,양품
LOT-2026-1232,2026-08-05 22:15:00,2호기,야간,133.2,117.5,1478.0,21.34,3.488,4.188,0.418,24.1,양품
LOT-2026-1232,2026-08-05 22:18:00,3호기,야간,129.3,118.2,1549.0,21.41,3.447,4.193,0.431,47.5,양품
LOT-2026-1232,2026-08-05 22:21:00,4호기,야간,131.3,116.1,1391.0,20.87,3.509,4.194,0.421,35.5,양품
LOT-2026-1232,2026-08-05 22:24:00,1호기,야간,131.2,117.2,1423.0,20.77,3.545,4.182,0.419,48.4,양품
LOT-2026-1232,2026-08-05 22:27:00,2호기,야간,128.3,120.4,1441.0,21.34,3.503,4.193,0.425,23.7,양품
LOT-2026-1232,2026-08-05 22:30:00,3호기,야간,130.3,114.4,1395.0,21.49,3.472,4.193,0.419,24.1,양품
LOT-2026-1232,2026-08-05 22:33:00,4호기,야간,133.0,117.8,1538.0,21.09,3.453,4.181,0.419,35.9,양품
LOT-2026-1232,2026-08-05 22:36:00,1호기,야간,134.2,114.7,1434.0,20.58,3.466,4.205,0.423,48.1,양품
LOT-2026-1232,2026-08-05 22:39:00,2호기,야간,133.5,117.7,1444.0,20.18,3.506,4.194,0.408,47.6,불량
LOT-2026-1232,2026-08-05 22:42:00,3호기,야간,132.4,115.1,1344.0,21.59,3.472,4.204,0.422,36.2,양품
LOT-2026-1232,2026-08-05 22:45:00,4호기,야간,132.6,117.4,1387.0,20.38,3.408,4.189,0.409,23.8,불량
LOT-2026-1232,2026-08-05 22:48:00,1호기,야간,126.3,115.7,1485.0,20.63,3.444,4.187,0.429,23.9,양품
LOT-2026-1232,2026-08-05 22:51:00,2호기,야간,130.9,119.3,1456.0,20.88,3.486,4.185,0.433,23.3,양품
LOT-2026-1232,2026-08-05 22:54:00,3호기,야간,133.9,116.7,1457.0,21.88,3.448,4.188,0.409,36.1,양품
LOT-2026-1232,2026-08-05 22:57:00,4호기,야간,130.1,120.7,1500.0,22.28,3.442,4.177,0.422,36.1,불량
LOT-2026-1232,2026-08-05 22:57:00,1호기,야간,134.0,119.4,1487.0,20.78,3.494,4.183,0.419,36.3,양품
LOT-2026-1232,2026-08-05 22:57:00,2호기,야간,133.2,117.6,1383.0,21.1,3.485,4.192,0.424,48.0,양품
LOT-2026-1232,2026-08-05 23:06:00,3호기,야간,130.7,116.9,1431.0,21.47,3.518,4.191,0.424,23.8,양품
LOT-2026-1232,2026-08-05 23:09:00,4호기,야간,132.5,119.7,1442.0,21.56,3.521,4.193,0.442,47.5,양품
LOT-2026-1232,2026-08-05 23:12:00,1호기,야간,131.5,121.1,1482.0,20.64,3.583,4.183,0.397,47.7,불량
LOT-2026-1232,2026-08-05 23:15:00,2호기,야간,130.8,119.6,1393.0,21.79,3.508,4.187,0.395,23.6,양품
LOT-2026-1232,2026-08-05 23:18:00,3호기,야간,130.2,119.3,1491.0,22.33,3.531,4.191,0.42,24.3,불량
LOT-2026-1232,2026-08-05 23:21:00,4호기,야간,129.3,115.7,1502.0,22.05,3.434,4.189,0.449,36.0,양품
LOT-2026-1232,2026-08-05 23:24:00,1호기,야간,129.9,119.3,1563.0,21.46,3.543,4.192,0.415,48.1,양품
LOT-2026-1232,2026-08-05 23:27:00,2호기,야간,129.9,118.4,1468.0,21.69,3.582,4.172,0.387,23.7,양품
LOT-2026-1232,2026-08-05 23:30:00,3호기,야간,130.7,117.5,1426.0,20.68,3.462,4.202,0.397,23.3,양품
LOT-2026-1232,2026-08-05 23:33:00,4호기,야간,131.1,115.2,1339.0,21.17,3.508,4.191,0.412,48.0,양품
LOT-2026-1232,2026-08-05 23:36:00,1호기,야간,134.5,116.5,1513.0,21.29,3.452,4.183,0.439,24.7,양품
LOT-2026-1232,2026-08-05 23:39:00,2호기,야간,132.8,121.2,1467.0,21.82,3.47,4.18,0.442,48.3,양품
LOT-2026-1232,2026-08-05 23:42:00,3호기,야간,130.2,117.5,1537.0,20.86,3.5,4.186,0.432,23.1,양품
LOT-2026-1232,2026-08-05 23:45:00,4호기,야간,130.7,119.5,1352.0,20.67,3.449,4.179,0.422,36.9,양품
LOT-2026-1232,2026-08-05 23:48:00,1호기,야간,131.5,117.9,1387.0,22.07,3.557,4.184,0.432,47.6,불량
LOT-2026-1232,2026-08-05 23:51:00,2호기,야간,132.1,118.7,1286.0,21.04,3.493,4.187,0.408,23.5,양품
LOT-2026-1232,2026-08-05 23:54:00,3호기,야간,131.1,121.2,1409.0,21.67,3.41,4.185,0.421,24.6,양품
LOT-2026-1232,2026-08-05 23:57:00,4호기,야간,132.1,117.8,1460.0,20.86,3.462,4.195,0.39,23.6,양품
LOT-2026-1233,2026-08-06 00:00:00,1호기,야간,130.6,118.2,1493.0,21.65,3.544,4.203,0.427,24.2,양품
LOT-2026-1233,2026-08-06 00:03:00,2호기,야간,128.6,117.3,1443.0,21.57,3.456,4.191,0.422,48.1,양품
LOT-2026-1233,2026-08-06 00:06:00,3호기,야간,132.0,118.7,1470.0,20.44,3.447,4.198,0.453,35.8,양품
LOT-2026-1233,2026-08-06 00:09:00,4호기,야간,131.2,118.0,1431.0,20.58,3.494,4.18,0.452,36.6,양품
LOT-2026-1233,2026-08-06 00:12:00,1호기,야간,130.8,117.4,1406.0,21.57,3.424,4.184,0.439,35.1,양품
LOT-2026-1233,2026-08-06 00:15:00,2호기,야간,131.5,119.9,1420.0,21.09,3.43,4.185,0.432,23.6,불량
LOT-2026-1233,2026-08-06 00:18:00,3호기,야간,130.7,120.9,1514.0,20.09,3.483,4.182,0.398,23.6,양품
LOT-2026-1233,2026-08-06 00:21:00,4호기,야간,132.8,112.5,1468.0,20.49,3.44,4.197,0.427,47.8,양품
LOT-2026-1233,2026-08-06 00:24:00,1호기,야간,130.7,116.3,1477.0,20.5,3.446,4.182,0.431,47.5,양품
LOT-2026-1233,2026-08-06 00:27:00,2호기,야간,132.3,121.0,1536.0,20.59,3.494,4.18,0.44,23.9,양품
LOT-2026-1233,2026-08-06 00:30:00,3호기,야간,130.7,119.2,1479.0,21.79,3.469,4.182,0.431,23.7,양품
LOT-2026-1233,2026-08-06 00:33:00,4호기,야간,129.3,117.4,1405.0,20.32,3.423,4.206,0.426,24.6,불량
LOT-2026-1233,2026-08-06 00:36:00,1호기,야간,130.5,117.8,1469.0,21.68,3.44,4.179,0.386,36.1,양품
LOT-2026-1233,2026-08-06 00:39:00,2호기,야간,132.2,117.5,1436.0,20.97,3.544,4.19,0.416,23.8,양품
LOT-2026-1233,2026-08-06 00:42:00,3호기,야간,134.2,118.3,1447.0,20.7,3.459,4.189,0.387,23.9,양품
LOT-2026-1233,2026-08-06 00:45:00,4호기,야간,129.2,116.4,1512.0,20.91,3.543,4.2,0.447,35.7,양품
LOT-2026-1233,2026-08-06 00:48:00,1호기,야간,132.5,121.0,1507.0,20.51,3.481,4.183,0.449,24.5,양품
LOT-2026-1233,2026-08-06 00:51:00,2호기,야간,135.9,117.4,1415.0,21.03,3.404,4.181,0.429,35.8,양품
LOT-2026-1233,2026-08-06 00:54:00,3호기,야간,129.4,116.9,1527.0,20.73,3.524,4.179,0.422,47.9,양품
LOT-2026-1233,2026-08-06 00:57:00,4호기,야간,131.1,116.8,1367.0,21.4,3.418,4.185,0.427,23.9,양품
LOT-2026-1233,2026-08-06 01:00:00,1호기,야간,132.4,117.5,1424.0,21.43,3.513,4.194,0.43,24.3,양품
LOT-2026-1233,2026-08-06 01:03:00,2호기,야간,129.5,116.3,1417.0,21.94,3.451,4.189,0.413,36.4,양품
LOT-2026-1233,2026-08-06 01:06:00,3호기,야간,132.4,116.0,1450.0,21.09,3.444,4.175,0.467,24.1,양품
LOT-2026-1233,2026-08-06 01:09:00,4호기,야간,127.7,116.0,1415.0,20.09,3.465,4.194,0.419,24.4,불량
LOT-2026-1233,2026-08-06 01:12:00,1호기,야간,133.2,120.0,1382.0,21.42,3.414,4.182,0.38,24.1,양품
LOT-2026-1233,2026-08-06 01:15:00,2호기,야간,130.8,118.9,1391.0,20.26,3.483,4.19,0.406,48.1,양품
LOT-2026-1233,2026-08-06 01:18:00,3호기,야간,130.4,122.1,1373.0,20.86,3.451,4.192,0.428,36.5,양품
LOT-2026-1233,2026-08-06 01:21:00,4호기,야간,128.7,116.7,1426.0,21.07,3.455,4.184,0.434,23.2,양품
LOT-2026-1233,2026-08-06 01:24:00,1호기,야간,132.1,119.0,1514.0,21.69,3.529,4.186,0.433,23.7,양품
LOT-2026-1233,2026-08-06 01:27:00,2호기,야간,132.6,120.1,1491.0,21.63,3.48,4.185,0.402,24.1,양품
LOT-2026-1233,2026-08-06 01:30:00,3호기,야간,132.7,119.3,1532.0,20.6,3.426,4.188,0.422,47.9,양품
LOT-2026-1233,2026-08-06 01:33:00,4호기,야간,129.5,119.9,1480.0,21.29,3.412,4.181,0.395,23.5,양품
LOT-2026-1233,2026-08-06 01:36:00,1호기,야간,133.9,116.9,1587.0,19.9,3.501,4.185,0.422,37.1,불량
LOT-2026-1233,2026-08-06 01:39:00,2호기,야간,132.7,115.8,1459.0,21.37,3.552,4.182,0.459,35.4,양품
LOT-2026-1233,2026-08-06 01:42:00,3호기,야간,133.3,117.6,1437.0,20.55,3.503,4.192,0.438,23.8,양품
LOT-2026-1233,2026-08-06 01:45:00,4호기,야간,130.2,120.2,1466.0,21.75,3.451,4.193,0.434,36.0,양품
LOT-2026-1233,2026-08-06 01:48:00,1호기,야간,131.4,116.4,1331.0,21.3,3.484,4.179,0.42,23.0,양품
LOT-2026-1233,2026-08-06 01:51:00,2호기,야간,131.4,115.5,1455.0,21.34,3.469,4.187,0.425,36.1,양품
LOT-2026-1233,2026-08-06 01:54:00,3호기,야간,131.5,116.8,1539.0,21.26,3.511,4.199,0.425,48.2,양품
LOT-2026-1233,2026-08-06 01:57:00,4호기,야간,129.1,116.7,1409.0,20.69,3.474,4.178,0.41,24.3,양품
LOT-2026-1234,2026-08-06 02:00:00,1호기,야간,129.4,118.5,1472.0,20.96,3.473,4.186,0.438,23.8,양품
LOT-2026-1234,2026-08-06 02:03:00,2호기,야간,130.5,117.3,1466.0,20.73,3.462,4.202,0.423,23.8,양품
LOT-2026-1234,2026-08-06 02:06:00,3호기,야간,129.8,118.5,1419.0,20.86,3.423,4.184,0.407,24.5,양품
LOT-2026-1234,2026-08-06 02:09:00,4호기,야간,131.7,115.1,1542.0,20.42,3.43,4.184,0.384,23.7,양품
LOT-2026-1234,2026-08-06 02:12:00,1호기,야간,130.6,117.4,1532.0,21.2,3.446,4.179,0.434,23.1,양품
LOT-2026-1234,2026-08-06 02:15:00,2호기,야간,132.4,114.4,1418.0,20.77,3.542,4.188,0.419,24.6,양품
LOT-2026-1234,2026-08-06 02:18:00,3호기,야간,131.0,114.4,1401.0,21.15,3.459,4.197,0.441,23.2,양품
LOT-2026-1234,2026-08-06 02:21:00,4호기,야간,132.1,115.1,1488.0,20.7,3.426,4.186,0.424,24.7,불량
LOT-2026-1234,2026-08-06 02:24:00,1호기,야간,128.3,121.9,1416.0,20.88,3.49,4.191,0.419,23.9,양품
LOT-2026-1234,2026-08-06 02:27:00,2호기,야간,130.4,113.4,1485.0,21.65,3.478,4.192,0.412,35.0,양품
LOT-2026-1234,2026-08-06 02:30:00,3호기,야간,129.3,114.2,1440.0,20.86,3.442,4.197,0.394,48.4,양품
LOT-2026-1234,2026-08-06 02:33:00,4호기,야간,132.8,117.4,1501.0,21.69,3.481,4.192,0.407,35.8,양품
LOT-2026-1234,2026-08-06 02:36:00,1호기,야간,133.9,119.2,1558.0,21.29,3.47,4.192,0.427,35.5,양품
LOT-2026-1234,2026-08-06 02:39:00,2호기,야간,132.0,116.1,1541.0,21.09,3.539,4.2,0.415,23.9,양품
LOT-2026-1234,2026-08-06 02:42:00,3호기,야간,127.1,117.9,1534.0,20.15,3.444,4.211,0.437,36.3,불량
LOT-2026-1234,2026-08-06 02:45:00,4호기,야간,131.8,118.0,1387.0,20.63,3.511,4.17,0.406,23.7,양품
LOT-2026-1234,2026-08-06 02:48:00,1호기,야간,133.1,119.3,1543.0,21.23,3.476,4.183,0.398,47.8,양품
LOT-2026-1234,2026-08-06 02:51:00,2호기,야간,130.3,118.6,1503.0,20.64,3.53,4.196,0.424,24.1,양품
LOT-2026-1234,2026-08-06 02:54:00,3호기,야간,132.3,120.4,1480.0,20.72,3.496,4.201,0.445,35.9,양품
LOT-2026-1234,2026-08-06 02:57:00,4호기,야간,132.4,120.7,1412.0,20.29,3.506,4.186,0.452,35.2,양품
LOT-2026-1234,2026-08-06 03:00:00,1호기,야간,132.7,117.6,1521.0,20.78,3.554,4.192,0.434,24.5,양품
LOT-2026-1234,2026-08-06 03:03:00,2호기,야간,131.7,121.1,1455.0,20.18,3.485,4.185,0.444,48.4,양품
LOT-2026-1234,2026-08-06 03:06:00,3호기,야간,130.2,116.8,1521.0,20.92,3.495,4.191,0.409,48.1,양품
LOT-2026-1234,2026-08-06 03:09:00,4호기,야간,132.2,117.6,1423.0,20.72,3.522,4.19,0.435,36.1,양품
LOT-2026-1234,2026-08-06 03:12:00,1호기,야간,135.6,117.7,1421.0,20.38,3.486,4.198,0.409,24.3,양품
LOT-2026-1234,2026-08-06 03:15:00,2호기,야간,131.9,119.5,1437.0,20.73,3.473,4.179,0.42,35.8,양품
LOT-2026-1234,2026-08-06 03:18:00,3호기,야간,130.6,119.1,1431.0,21.0,3.471,4.18,0.401,47.5,양품
LOT-2026-1234,2026-08-06 03:21:00,4호기,야간,133.2,117.3,1397.0,21.05,3.486,4.212,0.434,23.9,양품
LOT-2026-1234,2026-08-06 03:24:00,1호기,야간,129.0,116.3,1405.0,21.49,3.389,4.189,0.421,47.7,양품
LOT-2026-1234,2026-08-06 03:27:00,2호기,야간,133.9,116.4,1455.0,21.48,3.486,4.182,0.394,24.3,양품
LOT-2026-1234,2026-08-06 03:30:00,3호기,야간,128.4,119.9,1457.0,21.6,3.472,4.186,0.401,48.4,양품
LOT-2026-1234,2026-08-06 03:33:00,4호기,야간,133.8,117.1,1468.0,20.74,3.468,4.182,0.432,24.1,양품
LOT-2026-1234,2026-08-06 03:36:00,1호기,야간,131.6,119.0,1505.0,21.6,3.447,4.19,0.446,24.2,양품
LOT-2026-1234,2026-08-06 03:39:00,2호기,야간,127.4,117.0,1525.0,20.92,3.451,4.184,0.437,47.9,양품
LOT-2026-1234,2026-08-06 03:42:00,3호기,야간,131.6,117.9,1425.0,20.46,3.528,4.204,0.42,36.0,양품
LOT-2026-1234,2026-08-06 03:45:00,4호기,야간,128.6,113.8,1489.0,20.68,3.498,4.196,0.402,24.4,양품
LOT-2026-1234,2026-08-06 03:48:00,1호기,야간,133.1,120.9,1446.0,21.08,3.473,4.186,0.402,24.7,양품
LOT-2026-1234,2026-08-06 03:51:00,2호기,야간,128.5,124.0,1502.0,20.79,3.46,4.193,0.443,24.1,양품
LOT-2026-1234,2026-08-06 03:54:00,3호기,야간,132.4,119.1,1416.0,20.51,3.389,4.19,0.385,24.1,불량
LOT-2026-1234,2026-08-06 03:57:00,4호기,야간,130.0,122.6,1370.0,20.5,3.421,4.184,0.426,48.3,양품
LOT-2026-1235,2026-08-06 04:00:00,1호기,야간,132.4,117.4,1513.0,21.48,3.502,4.174,0.446,35.6,양품
LOT-2026-1235,2026-08-06 04:03:00,2호기,야간,133.1,116.5,1541.0,20.54,3.438,4.202,0.429,36.1,양품
LOT-2026-1235,2026-08-06 04:06:00,3호기,야간,131.9,120.7,1448.0,21.17,3.492,4.181,0.429,47.9,양품
LOT-2026-1235,2026-08-06 04:09:00,4호기,야간,129.3,122.0,1488.0,21.31,3.414,4.215,0.407,24.1,양품
LOT-2026-1235,2026-08-06 04:12:00,1호기,야간,132.8,116.1,1470.0,21.46,3.52,4.196,0.43,48.8,양품
LOT-2026-1235,2026-08-06 04:15:00,2호기,야간,132.8,118.0,1507.0,21.04,3.427,4.185,0.431,35.2,양품
LOT-2026-1235,2026-08-06 04:18:00,3호기,야간,132.4,118.9,1449.0,20.75,3.522,4.187,0.437,35.2,양품
LOT-2026-1235,2026-08-06 04:21:00,4호기,야간,134.2,113.6,1471.0,21.55,3.422,4.176,0.394,24.1,양품
LOT-2026-1235,2026-08-06 04:24:00,1호기,야간,129.6,120.6,1412.0,22.03,3.54,4.186,0.412,36.3,양품
LOT-2026-1235,2026-08-06 04:27:00,2호기,야간,130.0,118.3,1502.0,20.86,3.556,4.191,0.432,23.7,양품
LOT-2026-1235,2026-08-06 04:30:00,3호기,야간,131.9,119.4,1573.0,21.05,3.426,4.184,0.427,24.0,양품
LOT-2026-1235,2026-08-06 04:33:00,4호기,야간,129.8,117.8,1475.0,21.69,3.424,4.182,0.434,48.0,양품
LOT-2026-1235,2026-08-06 04:36:00,1호기,야간,132.5,116.6,1456.0,21.89,3.497,4.189,0.421,47.8,양품
LOT-2026-1235,2026-08-06 04:39:00,2호기,야간,133.9,117.2,1410.0,21.22,3.455,4.2,0.413,35.9,양품
LOT-2026-1235,2026-08-06 04:42:00,3호기,야간,131.9,118.7,1509.0,20.78,3.51,4.195,0.443,23.8,불량
LOT-2026-1235,2026-08-06 04:45:00,4호기,야간,133.3,116.2,1548.0,20.72,3.459,4.186,0.421,35.9,불량
LOT-2026-1235,2026-08-06 04:48:00,1호기,야간,131.1,120.1,1445.0,21.45,3.471,4.174,0.453,24.0,양품
LOT-2026-1235,2026-08-06 04:51:00,2호기,야간,130.4,121.4,1537.0,21.81,3.507,4.201,0.41,23.7,양품
LOT-2026-1235,2026-08-06 04:54:00,3호기,야간,131.7,120.0,1423.0,19.97,3.517,4.188,0.421,48.1,불량
LOT-2026-1235,2026-08-06 04:57:00,4호기,야간,134.9,119.7,1367.0,20.46,3.45,4.186,0.425,24.0,양품
LOT-2026-1235,2026-08-06 05:00:00,1호기,야간,132.7,122.0,1544.0,20.83,3.563,4.19,0.402,47.6,불량
LOT-2026-1235,2026-08-06 05:03:00,2호기,야간,131.4,117.1,1437.0,21.02,3.457,4.189,0.389,47.5,양품
LOT-2026-1235,2026-08-06 05:06:00,3호기,야간,131.4,115.5,1393.0,20.64,3.448,4.192,0.437,24.0,양품
LOT-2026-1235,2026-08-06 05:09:00,4호기,야간,130.8,116.3,1434.0,21.18,3.41,4.196,0.387,47.5,양품
LOT-2026-1235,2026-08-06 05:12:00,1호기,야간,131.3,117.8,1331.0,20.76,3.506,4.205,0.417,24.1,양품
LOT-2026-1235,2026-08-06 05:15:00,2호기,야간,128.7,118.1,1517.0,20.57,3.477,4.188,0.421,36.2,양품
LOT-2026-1235,2026-08-06 05:18:00,3호기,야간,131.7,123.0,1525.0,21.08,3.469,4.201,0.426,48.1,양품
LOT-2026-1235,2026-08-06 05:21:00,4호기,야간,132.0,117.9,1346.0,21.63,3.422,4.185,0.403,25.1,양품
LOT-2026-1235,2026-08-06 05:24:00,1호기,야간,135.4,119.3,1504.0,21.35,3.53,4.189,0.435,48.1,양품
LOT-2026-1235,2026-08-06 05:27:00,2호기,야간,134.0,118.4,1485.0,21.13,3.422,4.191,0.437,24.3,양품
LOT-2026-1235,2026-08-06 05:30:00,3호기,야간,131.6,117.6,1469.0,21.64,3.522,4.194,0.453,24.3,양품
LOT-2026-1235,2026-08-06 05:33:00,4호기,야간,132.9,119.7,1475.0,19.87,3.436,4.202,0.401,36.7,불량
LOT-2026-1235,2026-08-06 05:36:00,1호기,야간,132.0,115.3,1494.0,20.86,3.468,4.194,0.395,23.3,양품
LOT-2026-1235,2026-08-06 05:39:00,2호기,야간,128.3,115.7,1440.0,20.6,3.493,4.197,0.437,48.0,양품
LOT-2026-1235,2026-08-06 05:42:00,3호기,야간,131.7,109.0,1370.0,21.55,3.419,4.196,0.426,48.0,양품
LOT-2026-1235,2026-08-06 05:45:00,4호기,야간,128.3,116.9,1403.0,20.87,3.448,4.198,0.444,24.1,양품
LOT-2026-1235,2026-08-06 05:48:00,1호기,야간,131.5,117.8,1456.0,21.05,3.427,4.186,0.45,35.9,양품
LOT-2026-1235,2026-08-06 05:51:00,2호기,야간,132.4,116.6,1551.0,21.42,3.468,4.187,0.43,48.9,양품
LOT-2026-1235,2026-08-06 05:54:00,3호기,야간,133.0,119.8,1343.0,21.51,3.465,4.211,0.386,35.8,양품
LOT-2026-1235,2026-08-06 05:57:00,4호기,야간,130.0,115.4,1417.0,20.7,3.477,4.194,0.385,48.2,양품
LOT-2026-1236,2026-08-06 06:00:00,1호기,주간,134.0,117.1,1421.0,21.13,3.402,4.18,0.441,24.1,양품
LOT-2026-1236,2026-08-06 06:03:00,2호기,주간,132.5,117.0,1360.0,20.42,3.477,4.174,0.425,36.1,양품
LOT-2026-1236,2026-08-06 06:06:00,3호기,주간,132.0,116.6,1485.0,21.13,3.455,4.193,0.432,24.2,양품
LOT-2026-1236,2026-08-06 06:09:00,4호기,주간,133.5,120.5,1463.0,21.31,3.516,4.165,0.406,48.5,양품
LOT-2026-1236,2026-08-06 06:12:00,1호기,주간,129.4,118.5,1547.0,21.47,3.52,4.199,0.446,24.4,양품
LOT-2026-1236,2026-08-06 06:15:00,2호기,주간,132.6,115.4,1404.0,21.65,3.493,4.198,0.45,35.4,양품
LOT-2026-1236,2026-08-06 06:18:00,3호기,주간,130.3,123.6,1437.0,21.08,3.505,4.182,0.445,24.1,양품
LOT-2026-1236,2026-08-06 06:21:00,4호기,주간,133.7,118.1,1474.0,22.05,3.419,4.175,0.404,24.0,양품
LOT-2026-1236,2026-08-06 06:24:00,1호기,주간,128.2,114.1,1469.0,21.11,3.451,4.175,0.414,23.9,양품
LOT-2026-1236,2026-08-06 06:27:00,2호기,주간,136.1,116.4,1458.0,21.56,3.509,4.191,0.388,24.0,양품
LOT-2026-1236,2026-08-06 06:30:00,3호기,주간,128.4,117.7,1410.0,21.68,3.476,4.188,0.405,23.6,불량
LOT-2026-1236,2026-08-06 06:33:00,4호기,주간,130.4,118.4,1499.0,20.45,3.501,4.181,0.422,23.9,양품
LOT-2026-1236,2026-08-06 06:36:00,1호기,주간,131.6,117.6,1389.0,20.79,3.41,4.189,0.417,24.1,양품
LOT-2026-1236,2026-08-06 06:39:00,2호기,주간,131.0,120.9,1517.0,21.03,3.5,4.18,0.436,23.9,양품
LOT-2026-1236,2026-08-06 06:42:00,3호기,주간,129.8,119.7,1407.0,21.23,3.473,4.209,0.416,24.4,양품
LOT-2026-1236,2026-08-06 06:45:00,4호기,주간,130.6,117.6,1500.0,20.37,3.44,4.189,0.409,47.9,양품
LOT-2026-1236,2026-08-06 06:48:00,1호기,주간,134.7,117.8,1409.0,21.18,3.48,4.2,0.461,35.9,양품
LOT-2026-1236,2026-08-06 06:51:00,2호기,주간,129.2,117.0,1483.0,21.65,3.442,4.182,0.383,35.9,양품
LOT-2026-1236,2026-08-06 06:54:00,3호기,주간,131.9,117.1,1470.0,21.14,3.531,4.189,0.41,23.9,양품
LOT-2026-1236,2026-08-06 06:57:00,4호기,주간,129.4,118.7,1490.0,20.88,3.511,4.194,0.379,36.2,양품
LOT-2026-1236,2026-08-06 07:00:00,1호기,주간,132.5,119.4,1428.0,21.66,3.498,4.192,0.449,36.2,양품
LOT-2026-1236,2026-08-06 07:03:00,2호기,주간,132.0,116.0,1364.0,21.04,3.486,4.177,0.418,24.2,양품
LOT-2026-1236,2026-08-06 07:06:00,3호기,주간,131.7,117.2,1515.0,21.51,3.438,4.202,0.419,23.7,양품
LOT-2026-1236,2026-08-06 07:09:00,4호기,주간,128.7,120.4,1484.0,20.68,3.537,4.189,0.401,48.1,양품
LOT-2026-1236,2026-08-06 07:12:00,1호기,주간,135.2,119.1,1415.0,22.91,3.446,4.185,0.434,48.4,불량
LOT-2026-1236,2026-08-06 07:15:00,2호기,주간,129.6,116.5,1429.0,20.78,3.496,4.18,0.449,36.3,양품
LOT-2026-1236,2026-08-06 07:18:00,3호기,주간,130.9,120.7,1456.0,21.64,3.442,4.195,0.39,24.6,양품
LOT-2026-1236,2026-08-06 07:21:00,4호기,주간,132.8,116.6,1369.0,22.41,3.5,4.186,0.45,48.2,양품
LOT-2026-1236,2026-08-06 07:24:00,1호기,주간,133.8,118.9,1504.0,21.45,3.465,4.198,0.421,48.0,양품
LOT-2026-1236,2026-08-06 07:27:00,2호기,주간,130.3,117.7,1379.0,21.03,3.535,4.171,0.419,24.1,양품
LOT-2026-1236,2026-08-06 07:30:00,3호기,주간,131.2,116.2,1425.0,20.94,3.514,4.2,0.431,35.8,양품
LOT-2026-1236,2026-08-06 07:33:00,4호기,주간,131.0,114.6,1424.0,20.06,3.523,4.194,0.439,23.7,불량
LOT-2026-1236,2026-08-06 07:36:00,1호기,주간,131.1,119.1,1453.0,21.71,3.418,4.196,0.391,47.6,양품
LOT-2026-1236,2026-08-06 07:39:00,2호기,주간,133.5,120.3,1491.0,20.47,3.552,4.19,0.408,36.1,불량
LOT-2026-1236,2026-08-06 07:42:00,3호기,주간,133.8,118.9,1460.0,21.44,3.484,4.188,0.436,23.9,양품
LOT-2026-1236,2026-08-06 07:45:00,4호기,주간,131.8,120.1,1404.0,21.25,3.389,4.185,0.413,23.5,양품
LOT-2026-1236,2026-08-06 07:48:00,1호기,주간,131.7,118.9,1498.0,20.79,3.461,4.187,0.425,23.5,양품
LOT-2026-1236,2026-08-06 07:51:00,2호기,주간,132.0,108.4,1421.0,21.04,3.459,4.198,0.451,23.9,양품
LOT-2026-1236,2026-08-06 07:54:00,3호기,주간,136.2,115.8,1488.0,22.02,3.572,4.184,0.437,23.7,불량
LOT-2026-1236,2026-08-06 07:57:00,4호기,주간,131.8,119.3,1366.0,21.32,3.51,4.189,0.436,24.2,양품
LOT-2026-1237,2026-08-06 08:00:00,1호기,주간,127.3,115.6,1506.0,20.94,3.465,4.198,0.395,35.9,양품
LOT-2026-1237,2026-08-06 08:03:00,2호기,주간,130.4,118.6,1348.0,20.06,3.474,4.198,0.435,48.4,양품
LOT-2026-1237,2026-08-06 08:06:00,3호기,주간,132.3,122.0,1499.0,20.34,3.466,4.201,0.405,24.2,양품
LOT-2026-1237,2026-08-06 08:09:00,4호기,주간,129.3,132.0,1471.0,21.37,3.469,4.209,0.403,48.7,양품
LOT-2026-1237,2026-08-06 08:12:00,1호기,주간,134.0,119.8,1499.0,21.91,3.481,4.191,0.448,24.1,양품
LOT-2026-1237,2026-08-06 08:15:00,2호기,주간,130.0,117.2,1380.0,20.4,3.435,4.189,0.416,24.1,양품
LOT-2026-1237,2026-08-06 08:18:00,3호기,주간,132.8,117.1,1534.0,21.12,3.509,4.213,0.429,23.9,양품
LOT-2026-1237,2026-08-06 08:21:00,4호기,주간,129.6,117.9,1441.0,21.26,3.457,4.172,0.428,48.8,양품
LOT-2026-1237,2026-08-06 08:24:00,1호기,주간,130.5,118.2,1410.0,20.65,3.486,4.186,0.418,48.0,양품
LOT-2026-1237,2026-08-06 08:27:00,2호기,주간,132.5,115.6,1422.0,20.04,3.501,4.179,0.416,35.8,불량
LOT-2026-1237,2026-08-06 08:30:00,3호기,주간,132.4,118.0,1437.0,21.4,3.469,4.186,0.411,35.8,양품
LOT-2026-1237,2026-08-06 08:33:00,4호기,주간,132.7,120.2,1575.0,19.53,3.468,4.187,0.456,35.6,불량
LOT-2026-1237,2026-08-06 08:36:00,1호기,주간,131.3,120.4,1481.0,21.19,3.456,4.177,0.421,47.0,불량
LOT-2026-1237,2026-08-06 08:39:00,2호기,주간,132.2,114.7,1506.0,21.33,3.526,4.198,0.389,36.6,양품
LOT-2026-1237,2026-08-06 08:42:00,3호기,주간,132.9,114.6,1483.0,20.04,3.468,4.197,0.422,24.1,불량
LOT-2026-1237,2026-08-06 08:45:00,4호기,주간,131.6,119.6,1483.0,21.44,3.55,4.19,0.431,24.1,양품
LOT-2026-1237,2026-08-06 08:48:00,1호기,주간,132.1,119.7,1363.0,20.99,3.431,4.208,0.39,48.1,양품
LOT-2026-1237,2026-08-06 08:51:00,2호기,주간,129.5,118.3,1396.0,21.57,3.409,4.196,0.398,36.0,양품
LOT-2026-1237,2026-08-06 08:54:00,3호기,주간,132.9,119.0,1393.0,21.13,3.539,4.174,0.429,47.9,양품
LOT-2026-1237,2026-08-06 08:57:00,4호기,주간,130.1,118.2,1593.0,20.23,3.457,4.194,0.402,23.6,양품
LOT-2026-1237,2026-08-06 09:00:00,1호기,주간,133.1,115.0,1439.0,20.87,3.463,4.18,0.41,24.1,양품
LOT-2026-1237,2026-08-06 09:03:00,2호기,주간,129.3,116.0,1439.0,21.29,3.448,4.205,0.405,47.6,양품
LOT-2026-1237,2026-08-06 09:06:00,3호기,주간,131.1,118.6,1439.0,21.19,3.481,4.186,0.426,47.8,양품
LOT-2026-1237,2026-08-06 09:09:00,4호기,주간,128.9,115.5,1439.0,21.12,3.418,4.188,0.417,23.9,양품
LOT-2026-1237,2026-08-06 09:12:00,1호기,주간,133.4,118.7,1439.0,21.33,3.494,4.192,0.388,35.5,양품
LOT-2026-1237,2026-08-06 09:15:00,2호기,주간,131.2,117.5,1439.0,21.99,3.435,4.197,0.427,24.8,양품
LOT-2026-1237,2026-08-06 09:18:00,3호기,주간,131.3,118.6,1439.0,21.47,3.487,4.196,0.424,24.2,양품
LOT-2026-1237,2026-08-06 09:21:00,4호기,주간,132.0,117.1,1439.0,20.57,3.487,4.2,0.404,24.0,불량
LOT-2026-1237,2026-08-06 09:24:00,1호기,주간,131.4,119.4,1439.0,21.52,3.596,4.191,0.44,47.8,양품
LOT-2026-1237,2026-08-06 09:27:00,2호기,주간,132.6,114.2,1439.0,20.75,3.464,4.187,0.418,23.9,양품
LOT-2026-1237,2026-08-06 09:30:00,3호기,주간,132.2,122.1,1439.0,21.56,3.425,4.194,0.401,23.7,양품
LOT-2026-1237,2026-08-06 09:33:00,4호기,주간,130.6,119.2,1439.0,20.55,3.419,4.191,0.44,23.5,양품
LOT-2026-1237,2026-08-06 09:36:00,1호기,주간,127.6,116.7,1439.0,20.87,3.494,4.186,0.409,48.1,양품
LOT-2026-1237,2026-08-06 09:39:00,2호기,주간,130.9,113.7,1439.0,21.71,3.501,4.186,0.459,23.3,양품
LOT-2026-1237,2026-08-06 09:42:00,3호기,주간,132.2,115.8,1439.0,19.99,3.498,4.198,0.425,48.0,불량
LOT-2026-1237,2026-08-06 09:45:00,4호기,주간,129.6,120.8,1439.0,21.58,3.491,4.189,0.398,36.2,양품
LOT-2026-1237,2026-08-06 09:48:00,1호기,주간,130.2,119.7,1439.0,22.09,3.43,4.187,0.387,23.8,양품
LOT-2026-1237,2026-08-06 09:51:00,2호기,주간,133.9,114.4,1439.0,19.92,3.419,4.182,0.427,23.7,불량
LOT-2026-1237,2026-08-06 09:54:00,3호기,주간,129.0,117.5,1439.0,20.45,3.515,4.187,0.409,23.5,양품
LOT-2026-1237,2026-08-06 09:57:00,4호기,주간,132.4,117.4,1439.0,20.82,3.487,4.185,0.444,48.0,양품
LOT-2026-1238,2026-08-06 10:00:00,1호기,주간,131.1,114.6,1439.0,21.15,3.431,4.187,0.435,36.2,양품
LOT-2026-1238,2026-08-06 10:03:00,2호기,주간,131.5,117.8,1439.0,20.31,3.532,4.196,0.393,36.2,불량
LOT-2026-1238,2026-08-06 10:06:00,3호기,주간,130.8,120.2,1439.0,21.4,3.49,4.185,0.437,47.8,양품
LOT-2026-1238,2026-08-06 10:09:00,4호기,주간,131.6,115.7,1439.0,20.9,3.399,4.195,0.426,23.2,양품
LOT-2026-1238,2026-08-06 10:12:00,1호기,주간,129.0,119.7,1439.0,20.95,3.454,4.206,0.391,47.8,양품
LOT-2026-1238,2026-08-06 10:15:00,2호기,주간,133.6,120.3,1439.0,20.83,3.439,4.198,0.443,24.5,양품
LOT-2026-1238,2026-08-06 10:18:00,3호기,주간,133.6,119.1,1439.0,21.46,3.457,4.193,0.434,35.8,양품
LOT-2026-1238,2026-08-06 10:21:00,4호기,주간,127.8,117.5,1439.0,21.11,3.501,4.171,0.415,47.8,양품
LOT-2026-1238,2026-08-06 10:24:00,1호기,주간,126.4,116.6,1439.0,21.65,3.534,4.197,0.405,35.8,양품
LOT-2026-1238,2026-08-06 10:27:00,2호기,주간,130.6,117.8,1439.0,21.53,3.523,4.196,0.446,48.0,양품
LOT-2026-1238,2026-08-06 10:30:00,3호기,주간,132.9,119.9,1439.0,20.7,3.473,4.194,0.41,24.7,양품
LOT-2026-1238,2026-08-06 10:33:00,4호기,주간,129.6,118.2,1439.0,21.71,3.522,4.179,0.436,24.4,양품
LOT-2026-1238,2026-08-06 10:36:00,1호기,주간,130.2,117.3,1439.0,20.63,3.491,4.192,0.402,24.1,양품
LOT-2026-1238,2026-08-06 10:39:00,2호기,주간,133.3,117.6,1439.0,21.92,3.417,4.173,0.424,48.4,양품
LOT-2026-1238,2026-08-06 10:42:00,3호기,주간,130.1,116.2,1439.0,21.77,3.487,4.18,0.405,24.7,양품
LOT-2026-1238,2026-08-06 10:45:00,4호기,주간,129.1,114.1,1439.0,21.5,3.501,4.176,0.402,36.0,양품
LOT-2026-1238,2026-08-06 10:48:00,1호기,주간,131.9,118.9,1439.0,22.59,3.476,4.194,0.421,47.7,불량
LOT-2026-1238,2026-08-06 10:51:00,2호기,주간,131.5,117.1,1439.0,20.87,3.528,4.203,0.414,24.6,양품
LOT-2026-1238,2026-08-06 10:54:00,3호기,주간,130.9,117.9,1439.0,20.97,3.417,4.177,0.403,24.0,양품
LOT-2026-1238,2026-08-06 10:57:00,4호기,주간,134.1,117.6,1439.0,21.54,3.441,4.193,0.442,24.4,양품
LOT-2026-1238,2026-08-06 11:00:00,1호기,주간,130.6,114.0,1439.0,21.77,3.445,4.186,0.421,48.2,양품
LOT-2026-1238,2026-08-06 11:03:00,2호기,주간,128.6,117.8,1439.0,20.76,3.466,4.182,0.412,48.5,양품
LOT-2026-1238,2026-08-06 11:06:00,3호기,주간,134.7,120.3,1439.0,21.71,3.492,4.193,0.434,23.8,양품
LOT-2026-1238,2026-08-06 11:09:00,4호기,주간,134.6,120.8,1439.0,21.36,3.441,4.2,0.41,35.9,양품
LOT-2026-1238,2026-08-06 11:12:00,1호기,주간,133.3,121.9,1439.0,21.87,3.514,4.185,0.446,24.4,양품
LOT-2026-1238,2026-08-06 11:15:00,2호기,주간,126.6,120.7,1439.0,21.09,3.511,4.195,0.437,47.5,양품
LOT-2026-1238,2026-08-06 11:18:00,3호기,주간,131.3,119.9,1439.0,21.27,3.482,4.194,0.415,23.8,양품
LOT-2026-1238,2026-08-06 11:21:00,4호기,주간,131.0,117.9,1439.0,21.07,3.515,4.183,0.406,24.4,양품
LOT-2026-1238,2026-08-06 11:24:00,1호기,주간,133.1,116.8,1439.0,21.13,3.443,4.197,0.413,24.1,양품
LOT-2026-1238,2026-08-06 11:27:00,2호기,주간,131.2,116.9,1439.0,21.2,3.42,4.195,0.397,24.3,양품
LOT-2026-1238,2026-08-06 11:30:00,3호기,주간,127.8,120.6,1439.0,21.38,3.466,4.19,0.414,48.0,양품
LOT-2026-1238,2026-08-06 11:33:00,4호기,주간,131.2,115.0,1439.0,21.41,3.443,4.199,0.407,47.9,양품
LOT-2026-1238,2026-08-06 11:36:00,1호기,주간,131.4,117.5,1439.0,21.25,3.451,4.196,0.412,48.5,양품
LOT-2026-1238,2026-08-06 11:39:00,2호기,주간,128.6,118.2,1439.0,21.08,3.524,4.194,0.427,48.4,양품
LOT-2026-1238,2026-08-06 11:42:00,3호기,주간,130.9,115.6,1439.0,21.69,3.467,4.184,0.427,24.0,양품
LOT-2026-1238,2026-08-06 11:45:00,4호기,주간,132.3,120.0,1439.0,20.67,3.528,4.201,0.396,24.0,양품
LOT-2026-1238,2026-08-06 11:48:00,1호기,주간,130.4,115.8,1439.0,21.87,3.483,4.183,0.459,36.1,양품
LOT-2026-1238,2026-08-06 11:51:00,2호기,주간,132.3,118.9,1439.0,21.88,3.437,4.175,0.427,48.0,양품
LOT-2026-1238,2026-08-06 11:54:00,3호기,주간,136.3,118.4,1439.0,20.96,3.449,4.187,0.419,35.9,양품
LOT-2026-1238,2026-08-06 11:57:00,4호기,주간,129.4,120.9,1439.0,22.15,3.493,4.192,0.405,24.0,양품
LOT-2026-1239,2026-08-06 12:00:00,1호기,주간,132.9,121.8,1366.0,21.85,3.472,4.189,0.402,35.7,양품
LOT-2026-1239,2026-08-06 12:03:00,2호기,주간,132.9,112.7,1538.0,22.31,3.461,4.176,0.418,47.1,양품
LOT-2026-1239,2026-08-06 12:06:00,3호기,주간,130.9,116.5,1420.0,21.0,3.498,4.197,0.422,47.8,불량
LOT-2026-1239,2026-08-06 12:09:00,4호기,주간,135.0,115.2,1508.0,20.57,3.47,4.2,0.4,36.4,양품
LOT-2026-1239,2026-08-06 12:12:00,1호기,주간,131.5,116.1,1392.0,20.89,3.512,4.189,0.441,24.1,양품
LOT-2026-1239,2026-08-06 12:15:00,2호기,주간,131.8,120.1,1451.0,22.47,3.525,4.169,0.414,35.6,불량
LOT-2026-1239,2026-08-06 12:18:00,3호기,주간,128.4,115.3,1459.0,21.58,3.465,4.192,0.426,36.4,양품
LOT-2026-1239,2026-08-06 12:21:00,4호기,주간,135.4,116.6,1409.0,21.27,3.443,4.172,0.418,23.8,양품
LOT-2026-1239,2026-08-06 12:24:00,1호기,주간,130.2,117.5,1450.0,20.71,3.454,4.202,0.414,24.3,양품
LOT-2026-1239,2026-08-06 12:27:00,2호기,주간,133.2,117.9,1580.0,22.27,3.45,4.201,0.425,35.5,양품
LOT-2026-1239,2026-08-06 12:30:00,3호기,주간,129.6,120.5,1482.0,21.3,3.465,4.176,0.388,23.6,불량
LOT-2026-1239,2026-08-06 12:33:00,4호기,주간,133.9,119.6,1430.0,21.78,3.463,4.197,0.421,24.1,양품
LOT-2026-1239,2026-08-06 12:36:00,1호기,주간,131.5,118.0,1421.0,21.1,3.459,4.177,0.414,35.4,양품
LOT-2026-1239,2026-08-06 12:39:00,2호기,주간,129.2,116.2,1538.0,21.94,3.446,4.184,0.422,24.2,양품
LOT-2026-1239,2026-08-06 12:42:00,3호기,주간,132.5,115.7,1415.0,21.22,3.41,4.191,0.428,48.2,양품
LOT-2026-1239,2026-08-06 12:45:00,4호기,주간,133.0,116.2,1522.0,20.72,3.472,4.174,0.409,35.3,양품
LOT-2026-1239,2026-08-06 12:48:00,1호기,주간,127.3,114.7,1493.0,20.99,3.462,4.198,0.42,24.1,불량
LOT-2026-1239,2026-08-06 12:51:00,2호기,주간,131.2,116.1,1482.0,21.43,3.436,4.194,0.424,24.1,양품
LOT-2026-1239,2026-08-06 12:54:00,3호기,주간,131.1,114.4,1461.0,21.92,3.413,4.203,0.383,24.5,양품
LOT-2026-1239,2026-08-06 12:57:00,4호기,주간,131.2,131.5,1369.0,21.27,3.443,4.18,0.427,36.2,양품
LOT-2026-1239,2026-08-06 13:00:00,1호기,주간,130.2,120.9,1540.0,21.17,3.494,4.201,0.417,35.2,양품
LOT-2026-1239,2026-08-06 13:03:00,2호기,주간,134.5,116.7,1425.0,21.48,3.499,4.192,0.407,23.2,양품
LOT-2026-1239,2026-08-06 13:06:00,3호기,주간,126.8,116.8,1488.0,21.43,3.501,4.199,0.429,36.1,양품
LOT-2026-1239,2026-08-06 13:09:00,4호기,주간,133.0,118.9,1397.0,21.97,3.501,4.184,0.402,24.2,양품
LOT-2026-1239,2026-08-06 13:12:00,1호기,주간,132.3,114.0,1499.0,21.72,3.482,4.18,0.421,47.6,양품
LOT-2026-1239,2026-08-06 13:15:00,2호기,주간,133.9,123.4,1408.0,21.79,3.446,4.192,0.422,36.1,양품
LOT-2026-1239,2026-08-06 13:18:00,3호기,주간,131.0,116.3,1473.0,20.88,3.51,4.188,0.427,24.0,양품
LOT-2026-1239,2026-08-06 13:21:00,4호기,주간,132.9,116.9,1488.0,21.08,3.492,4.196,0.438,49.0,양품
LOT-2026-1239,2026-08-06 13:24:00,1호기,주간,129.2,115.8,1466.0,20.33,3.536,4.197,0.421,35.4,불량
LOT-2026-1239,2026-08-06 13:27:00,2호기,주간,128.7,117.8,1450.0,21.97,3.45,4.201,0.431,24.0,양품
LOT-2026-1239,2026-08-06 13:30:00,3호기,주간,130.3,114.7,1480.0,21.82,3.481,4.193,0.434,36.3,양품
LOT-2026-1239,2026-08-06 13:33:00,4호기,주간,135.9,120.6,1386.0,20.76,3.468,4.206,0.42,24.2,양품
LOT-2026-1239,2026-08-06 13:36:00,1호기,주간,129.2,116.7,1509.0,20.66,3.496,4.193,0.404,24.3,양품
LOT-2026-1239,2026-08-06 13:39:00,2호기,주간,132.6,119.1,1361.0,21.9,3.529,4.179,0.43,24.1,양품
LOT-2026-1239,2026-08-06 13:42:00,3호기,주간,127.5,118.1,1472.0,22.39,3.452,4.189,0.423,24.1,불량
LOT-2026-1239,2026-08-06 13:45:00,4호기,주간,132.2,114.8,1501.0,22.08,3.395,4.19,0.419,36.4,불량
LOT-2026-1239,2026-08-06 13:48:00,1호기,주간,133.4,114.9,1516.0,21.48,3.46,4.196,0.453,34.9,불량
LOT-2026-1239,2026-08-06 13:51:00,2호기,주간,128.5,114.8,1436.0,21.6,3.479,4.179,0.403,24.2,양품
LOT-2026-1239,2026-08-06 13:54:00,3호기,주간,132.9,116.9,1399.0,20.98,3.505,4.193,0.435,48.2,양품
LOT-2026-1239,2026-08-06 13:57:00,4호기,주간,132.8,117.1,1406.0,20.81,3.511,4.17,0.439,24.1,양품
LOT-2026-1240,2026-08-06 14:00:00,1호기,주간,134.2,117.5,1484.0,21.69,3.471,4.189,0.439,24.5,양품
LOT-2026-1240,2026-08-06 14:03:00,2호기,주간,130.5,120.4,1436.0,22.31,3.426,4.178,0.442,24.6,불량
LOT-2026-1240,2026-08-06 14:06:00,3호기,주간,130.7,122.1,1379.0,22.66,3.428,4.197,0.404,36.1,불량
LOT-2026-1240,2026-08-06 14:09:00,4호기,주간,131.3,117.9,1415.0,22.02,3.488,4.189,0.41,36.3,양품
LOT-2026-1240,2026-08-06 14:12:00,1호기,주간,131.1,119.9,1451.0,22.05,3.476,4.19,0.443,48.2,양품
LOT-2026-1240,2026-08-06 14:15:00,2호기,주간,129.0,115.7,1460.0,22.37,3.463,4.209,0.439,24.4,양품
LOT-2026-1240,2026-08-06 14:18:00,3호기,주간,131.2,115.8,1362.0,21.99,3.469,4.185,0.423,24.2,양품
LOT-2026-1240,2026-08-06 14:21:00,4호기,주간,133.1,116.8,1440.0,20.56,3.5,4.199,0.461,47.6,양품
LOT-2026-1240,2026-08-06 14:24:00,1호기,주간,133.1,120.1,1515.0,22.36,3.472,4.174,0.422,23.6,양품
LOT-2026-1240,2026-08-06 14:27:00,2호기,주간,133.4,119.4,1486.0,22.07,3.521,4.191,0.445,47.9,양품
LOT-2026-1240,2026-08-06 14:30:00,3호기,주간,128.0,118.7,1403.0,22.17,3.522,4.19,0.42,35.3,양품
LOT-2026-1240,2026-08-06 14:33:00,4호기,주간,131.2,118.2,1488.0,22.14,3.461,4.184,0.418,47.5,양품
LOT-2026-1240,2026-08-06 14:36:00,1호기,주간,132.2,115.4,1398.0,21.76,3.502,4.191,0.415,23.7,양품
LOT-2026-1240,2026-08-06 14:39:00,2호기,주간,129.6,118.0,1420.0,21.66,3.51,4.195,0.432,48.1,양품
LOT-2026-1240,2026-08-06 14:42:00,3호기,주간,133.7,118.6,1485.0,22.31,3.464,4.182,0.45,36.1,양품
LOT-2026-1240,2026-08-06 14:45:00,4호기,주간,131.7,116.9,1419.0,22.08,3.474,4.17,0.435,47.6,양품
LOT-2026-1240,2026-08-06 14:48:00,1호기,주간,129.9,117.4,1487.0,21.09,3.435,4.173,0.418,23.5,양품
LOT-2026-1240,2026-08-06 14:51:00,2호기,주간,130.1,116.5,1416.0,21.62,3.456,4.196,0.453,24.1,불량
LOT-2026-1240,2026-08-06 14:54:00,3호기,주간,131.6,118.6,1377.0,21.12,3.476,4.183,0.426,47.8,양품
LOT-2026-1240,2026-08-06 14:57:00,4호기,주간,130.7,119.6,1447.0,20.93,3.409,4.198,0.428,24.4,양품
LOT-2026-1240,2026-08-06 15:00:00,1호기,주간,133.2,118.8,1417.0,21.86,3.497,4.176,0.441,23.8,양품
LOT-2026-1240,2026-08-06 15:03:00,2호기,주간,129.5,119.7,1511.0,22.16,3.506,4.2,0.424,47.5,양품
LOT-2026-1240,2026-08-06 15:06:00,3호기,주간,127.1,116.6,1491.0,21.68,3.455,4.181,0.423,36.0,양품
LOT-2026-1240,2026-08-06 15:09:00,4호기,주간,128.3,119.1,1565.0,21.74,3.492,4.183,0.441,48.0,양품
LOT-2026-1240,2026-08-06 15:12:00,1호기,주간,130.5,121.4,1431.0,22.95,3.427,4.18,0.439,47.8,불량
LOT-2026-1240,2026-08-06 15:15:00,2호기,주간,134.8,119.9,1268.0,21.24,3.44,4.194,0.412,24.0,양품
LOT-2026-1240,2026-08-06 15:18:00,3호기,주간,132.5,113.2,1434.0,22.1,3.457,4.192,0.402,36.2,양품
LOT-2026-1240,2026-08-06 15:21:00,4호기,주간,131.8,115.7,1607.0,22.04,3.513,4.174,0.421,47.9,양품
LOT-2026-1240,2026-08-06 15:24:00,1호기,주간,133.7,124.0,1387.0,21.86,3.49,4.18,0.435,36.8,양품
LOT-2026-1240,2026-08-06 15:27:00,2호기,주간,131.5,117.8,1376.0,21.48,3.461,4.203,0.425,23.8,양품
LOT-2026-1240,2026-08-06 15:30:00,3호기,주간,128.5,120.2,1451.0,21.55,3.479,4.197,0.422,35.8,양품
LOT-2026-1240,2026-08-06 15:33:00,4호기,주간,131.2,119.7,1365.0,22.11,3.511,4.202,0.396,36.7,양품
LOT-2026-1240,2026-08-06 15:36:00,1호기,주간,129.7,119.9,1548.0,20.89,3.461,4.205,0.397,36.6,양품
LOT-2026-1240,2026-08-06 15:39:00,2호기,주간,133.3,119.6,1508.0,21.68,3.513,4.189,0.408,24.0,양품
LOT-2026-1240,2026-08-06 15:42:00,3호기,주간,132.6,120.1,1417.0,20.84,3.46,4.204,0.416,24.9,양품
LOT-2026-1240,2026-08-06 15:45:00,4호기,주간,130.6,115.0,1444.0,21.67,3.433,4.202,0.428,23.9,양품
LOT-2026-1240,2026-08-06 15:48:00,1호기,주간,130.9,119.1,1435.0,22.56,3.515,4.187,0.409,48.3,불량
LOT-2026-1240,2026-08-06 15:51:00,2호기,주간,131.2,118.0,1466.0,22.49,3.463,4.21,0.432,35.9,불량
LOT-2026-1240,2026-08-06 15:54:00,3호기,주간,130.9,117.9,1436.0,21.8,3.493,4.183,0.434,35.0,양품
LOT-2026-1240,2026-08-06 15:57:00,4호기,주간,129.9,121.7,1443.0,21.28,3.464,4.194,0.406,36.3,양품
LOT-2026-1241,2026-08-06 16:00:00,1호기,주간,132.7,115.9,1549.0,21.55,3.454,4.194,0.406,48.1,양품
LOT-2026-1241,2026-08-06 16:03:00,2호기,주간,132.1,115.4,1446.0,20.92,3.526,4.175,0.45,24.5,양품
LOT-2026-1241,2026-08-06 16:06:00,3호기,주간,129.0,117.9,1440.0,21.64,3.436,4.178,0.408,36.0,양품
LOT-2026-1241,2026-08-06 16:09:00,4호기,주간,134.1,119.4,1451.0,21.88,3.447,4.201,0.44,47.7,양품
LOT-2026-1241,2026-08-06 16:12:00,1호기,주간,127.7,116.6,1491.0,20.42,3.535,4.183,0.445,23.9,불량
LOT-2026-1241,2026-08-06 16:15:00,2호기,주간,133.1,120.3,1480.0,21.63,3.487,4.184,0.408,23.7,양품
LOT-2026-1241,2026-08-06 16:18:00,3호기,주간,133.1,120.6,1370.0,21.19,3.475,4.189,0.433,24.6,양품
LOT-2026-1241,2026-08-06 16:21:00,4호기,주간,130.2,114.0,1425.0,21.74,3.475,4.189,0.417,23.9,불량
LOT-2026-1241,2026-08-06 16:24:00,1호기,주간,130.6,117.4,1355.0,20.39,3.515,4.198,0.446,36.4,양품
LOT-2026-1241,2026-08-06 16:27:00,2호기,주간,131.8,116.9,1446.0,22.26,3.472,4.193,0.426,36.4,양품
LOT-2026-1241,2026-08-06 16:30:00,3호기,주간,131.2,115.3,1491.0,22.72,3.565,4.18,0.442,24.1,불량
LOT-2026-1241,2026-08-06 16:33:00,4호기,주간,133.8,118.3,1519.0,20.88,3.581,4.173,0.462,24.4,양품
LOT-2026-1241,2026-08-06 16:36:00,1호기,주간,132.0,118.3,1495.0,21.7,3.512,4.181,0.409,36.1,양품
LOT-2026-1241,2026-08-06 16:39:00,2호기,주간,131.2,117.1,1510.0,21.41,3.503,4.186,0.431,48.6,양품
LOT-2026-1241,2026-08-06 16:42:00,3호기,주간,133.6,114.8,1478.0,21.58,3.452,4.187,0.407,24.1,양품
LOT-2026-1241,2026-08-06 16:45:00,4호기,주간,132.6,115.5,1418.0,20.8,3.416,4.197,0.425,47.6,양품
LOT-2026-1241,2026-08-06 16:48:00,1호기,주간,127.4,117.5,1417.0,21.68,3.486,4.197,0.39,36.3,양품
LOT-2026-1241,2026-08-06 16:51:00,2호기,주간,126.6,118.3,1435.0,21.26,3.508,4.189,0.406,24.2,양품
LOT-2026-1241,2026-08-06 16:54:00,3호기,주간,132.6,115.6,1541.0,22.09,3.514,4.188,0.423,48.1,양품
LOT-2026-1241,2026-08-06 16:57:00,4호기,주간,130.1,115.0,1455.0,21.01,3.458,4.203,0.391,23.3,양품
LOT-2026-1241,2026-08-06 17:00:00,1호기,주간,132.1,115.9,1452.0,20.74,3.483,4.196,0.439,23.8,양품
LOT-2026-1241,2026-08-06 17:03:00,2호기,주간,128.1,118.9,1333.0,21.63,3.486,4.207,0.452,47.8,양품
LOT-2026-1241,2026-08-06 17:06:00,3호기,주간,132.8,116.2,1517.0,21.17,3.532,4.18,0.417,23.4,양품
LOT-2026-1241,2026-08-06 17:09:00,4호기,주간,130.2,114.8,1400.0,21.87,3.448,4.201,0.41,24.4,양품
LOT-2026-1241,2026-08-06 17:12:00,1호기,주간,132.6,116.6,1465.0,21.71,3.482,4.182,0.424,36.5,양품
LOT-2026-1241,2026-08-06 17:15:00,2호기,주간,129.8,113.9,1338.0,21.59,3.468,4.188,0.372,48.1,양품
LOT-2026-1241,2026-08-06 17:18:00,3호기,주간,132.1,118.3,1440.0,20.39,3.518,4.187,0.393,35.7,양품
LOT-2026-1241,2026-08-06 17:21:00,4호기,주간,129.0,119.1,1467.0,21.64,3.566,4.199,0.438,35.7,양품
LOT-2026-1241,2026-08-06 17:24:00,1호기,주간,132.0,115.0,1333.0,21.14,3.507,4.204,0.392,24.0,양품
LOT-2026-1241,2026-08-06 17:27:00,2호기,주간,129.7,118.2,1492.0,22.43,3.494,4.189,0.41,47.8,양품
LOT-2026-1241,2026-08-06 17:30:00,3호기,주간,130.7,116.4,1529.0,21.11,3.476,4.183,0.42,23.9,양품
LOT-2026-1241,2026-08-06 17:33:00,4호기,주간,131.2,119.7,1377.0,20.77,3.415,4.18,0.433,36.0,양품
LOT-2026-1241,2026-08-06 17:36:00,1호기,주간,132.3,116.7,1414.0,21.46,3.505,4.205,0.44,47.2,양품
LOT-2026-1241,2026-08-06 17:39:00,2호기,주간,127.7,119.5,1472.0,20.3,3.486,4.184,0.396,24.6,불량
LOT-2026-1241,2026-08-06 17:42:00,3호기,주간,129.8,117.7,1532.0,20.63,3.498,4.174,0.437,24.2,양품
LOT-2026-1241,2026-08-06 17:45:00,4호기,주간,129.2,115.7,1480.0,21.33,3.51,4.195,0.433,35.7,양품
LOT-2026-1241,2026-08-06 17:48:00,1호기,주간,132.7,115.9,1461.0,21.86,3.537,4.181,0.419,24.4,양품
LOT-2026-1241,2026-08-06 17:51:00,2호기,주간,130.9,117.0,1481.0,20.18,3.495,4.183,0.41,23.5,양품
LOT-2026-1241,2026-08-06 17:54:00,3호기,주간,128.1,117.4,1383.0,21.36,3.52,4.187,0.428,24.3,양품
LOT-2026-1241,2026-08-06 17:57:00,4호기,주간,131.5,115.5,1435.0,21.73,3.483,4.194,0.45,36.1,양품
LOT-2026-1242,2026-08-06 18:00:00,1호기,야간,133.5,121.0,1496.0,20.51,3.556,4.188,0.419,47.7,불량
LOT-2026-1242,2026-08-06 18:03:00,2호기,야간,130.2,116.4,1379.0,21.37,3.435,4.192,0.405,36.0,양품
LOT-2026-1242,2026-08-06 18:06:00,3호기,야간,130.2,119.6,1439.0,20.03,3.552,4.185,0.413,47.3,불량
LOT-2026-1242,2026-08-06 18:09:00,4호기,야간,130.1,118.6,1465.0,21.29,3.473,4.182,0.441,24.3,양품
LOT-2026-1242,2026-08-06 18:12:00,1호기,야간,132.0,118.4,1429.0,21.38,3.444,4.193,0.424,23.3,양품
LOT-2026-1242,2026-08-06 18:15:00,2호기,야간,129.5,118.3,1478.0,21.63,3.461,4.195,0.403,24.2,양품
LOT-2026-1242,2026-08-06 18:18:00,3호기,야간,131.6,117.5,1489.0,21.15,3.51,4.185,0.417,35.2,양품
LOT-2026-1242,2026-08-06 18:21:00,4호기,야간,130.7,117.3,1408.0,21.61,3.467,4.19,0.444,24.0,양품
LOT-2026-1242,2026-08-06 18:24:00,1호기,야간,133.5,115.6,1443.0,20.65,3.515,4.179,0.429,36.1,양품
LOT-2026-1242,2026-08-06 18:27:00,2호기,야간,131.7,115.7,1432.0,20.6,3.477,4.19,0.412,36.1,양품
LOT-2026-1242,2026-08-06 18:30:00,3호기,야간,132.0,116.7,1420.0,21.91,3.499,4.204,0.472,36.3,양품
LOT-2026-1242,2026-08-06 18:33:00,4호기,야간,133.4,117.8,1424.0,21.18,3.479,4.216,0.394,23.9,양품
LOT-2026-1242,2026-08-06 18:36:00,1호기,야간,128.1,118.4,1487.0,21.07,3.519,4.189,0.435,23.8,양품
LOT-2026-1242,2026-08-06 18:39:00,2호기,야간,133.0,116.2,1330.0,21.01,3.456,4.186,0.407,24.0,양품
LOT-2026-1242,2026-08-06 18:42:00,3호기,야간,129.8,119.4,1486.0,21.71,3.511,4.198,0.416,23.8,불량
LOT-2026-1242,2026-08-06 18:45:00,4호기,야간,130.5,118.2,1389.0,21.82,3.514,4.193,0.439,48.4,양품
LOT-2026-1242,2026-08-06 18:48:00,1호기,야간,129.3,116.8,1529.0,22.01,3.492,4.19,0.406,24.4,양품
LOT-2026-1242,2026-08-06 18:51:00,2호기,야간,131.5,118.3,1429.0,22.31,3.425,4.188,0.416,36.2,불량
LOT-2026-1242,2026-08-06 18:54:00,3호기,야간,132.8,119.7,1376.0,22.14,3.459,4.187,0.419,24.3,양품
LOT-2026-1242,2026-08-06 18:57:00,4호기,야간,130.4,115.9,1458.0,21.4,3.522,4.191,0.423,24.0,양품
LOT-2026-1242,2026-08-06 19:00:00,1호기,야간,127.7,117.6,1475.0,22.03,3.489,4.205,0.443,24.0,양품
LOT-2026-1242,2026-08-06 19:03:00,2호기,야간,129.5,120.3,1396.0,21.85,3.492,4.193,0.407,24.0,양품
LOT-2026-1242,2026-08-06 19:06:00,3호기,야간,130.6,119.5,1368.0,21.34,3.442,4.2,0.424,48.2,양품
LOT-2026-1242,2026-08-06 19:09:00,4호기,야간,128.2,116.8,1497.0,21.22,3.456,4.189,0.414,48.4,양품
LOT-2026-1242,2026-08-06 19:12:00,1호기,야간,133.7,117.5,1384.0,20.45,3.484,4.196,0.405,24.0,양품
LOT-2026-1242,2026-08-06 19:15:00,2호기,야간,131.5,118.3,1424.0,21.51,3.518,4.192,0.425,24.0,양품
LOT-2026-1242,2026-08-06 19:18:00,3호기,야간,132.6,119.7,1522.0,22.34,3.47,4.186,0.413,36.5,양품
LOT-2026-1242,2026-08-06 19:21:00,4호기,야간,131.2,117.3,1499.0,22.22,3.483,4.189,0.461,47.5,양품
LOT-2026-1242,2026-08-06 19:24:00,1호기,야간,129.9,118.3,1496.0,21.18,3.495,4.204,0.437,23.7,양품
LOT-2026-1242,2026-08-06 19:27:00,2호기,야간,130.4,117.2,1437.0,22.33,3.508,4.176,0.432,35.8,양품
LOT-2026-1242,2026-08-06 19:30:00,3호기,야간,135.0,118.1,1483.0,21.85,3.464,4.191,0.465,48.3,양품
LOT-2026-1242,2026-08-06 19:33:00,4호기,야간,131.9,119.4,1496.0,21.56,3.428,4.18,0.423,24.4,양품
LOT-2026-1242,2026-08-06 19:36:00,1호기,야간,132.8,119.8,1511.0,20.5,3.492,4.198,0.429,24.2,양품
LOT-2026-1242,2026-08-06 19:39:00,2호기,야간,132.8,118.0,1558.0,21.44,3.525,4.196,0.433,36.2,양품
LOT-2026-1242,2026-08-06 19:42:00,3호기,야간,131.9,116.6,1453.0,20.72,3.526,4.186,0.434,48.9,양품
LOT-2026-1242,2026-08-06 19:45:00,4호기,야간,129.8,115.7,1471.0,21.66,3.554,4.198,0.437,23.3,양품
LOT-2026-1242,2026-08-06 19:48:00,1호기,야간,131.4,118.8,1599.0,21.41,3.556,4.187,0.454,35.7,양품
LOT-2026-1242,2026-08-06 19:51:00,2호기,야간,136.1,115.4,1417.0,20.47,3.547,4.176,0.411,23.7,불량
LOT-2026-1242,2026-08-06 19:54:00,3호기,야간,130.5,118.9,1442.0,21.17,3.522,4.177,0.439,23.5,양품
LOT-2026-1242,2026-08-06 19:57:00,4호기,야간,135.8,115.6,1452.0,22.65,3.588,4.188,0.408,23.6,불량
LOT-2026-1243,2026-08-06 20:00:00,1호기,야간,133.0,117.3,1406.0,20.96,3.438,4.206,0.389,36.2,양품
LOT-2026-1243,2026-08-06 20:03:00,2호기,야간,130.8,122.7,1496.0,22.54,3.581,4.184,0.405,24.1,불량
LOT-2026-1243,2026-08-06 20:06:00,3호기,야간,131.4,117.3,1460.0,21.01,3.445,4.189,0.418,24.0,양품
LOT-2026-1243,2026-08-06 20:09:00,4호기,야간,133.9,117.1,1377.0,21.2,3.418,4.188,0.409,24.6,양품
LOT-2026-1243,2026-08-06 20:12:00,1호기,야간,128.3,120.2,1377.0,21.68,3.416,4.191,0.419,48.1,양품
LOT-2026-1243,2026-08-06 20:15:00,2호기,야간,132.7,117.3,1547.0,21.44,3.432,4.203,0.426,24.4,양품
LOT-2026-1243,2026-08-06 20:18:00,3호기,야간,130.3,119.1,1396.0,21.47,3.511,4.198,0.429,23.9,양품
LOT-2026-1243,2026-08-06 20:21:00,4호기,야간,128.9,119.0,1495.0,21.55,3.474,4.186,0.423,24.7,양품
LOT-2026-1243,2026-08-06 20:24:00,1호기,야간,131.2,116.3,1432.0,21.69,3.534,4.201,0.419,24.4,양품
LOT-2026-1243,2026-08-06 20:27:00,2호기,야간,130.7,118.6,1508.0,20.77,3.535,4.195,0.41,48.1,양품
LOT-2026-1243,2026-08-06 20:30:00,3호기,야간,128.8,114.4,1345.0,20.81,3.565,4.198,0.413,48.6,양품
LOT-2026-1243,2026-08-06 20:33:00,4호기,야간,131.7,120.0,1495.0,20.75,3.522,4.191,0.426,47.3,양품
LOT-2026-1243,2026-08-06 20:36:00,1호기,야간,128.9,118.2,1513.0,20.92,3.569,4.181,0.405,47.5,양품
LOT-2026-1243,2026-08-06 20:39:00,2호기,야간,131.5,117.7,1458.0,20.96,3.475,4.207,0.435,35.5,양품
LOT-2026-1243,2026-08-06 20:42:00,3호기,야간,130.7,119.0,1503.0,20.1,3.505,4.191,0.404,24.2,불량
LOT-2026-1243,2026-08-06 20:45:00,4호기,야간,133.3,115.4,1459.0,20.95,3.461,4.189,0.438,24.5,양품
LOT-2026-1243,2026-08-06 20:48:00,1호기,야간,130.8,115.1,1395.0,20.73,3.478,4.197,0.419,36.0,양품
LOT-2026-1243,2026-08-06 20:51:00,2호기,야간,130.2,119.0,1568.0,20.74,3.501,4.192,0.427,23.4,양품
LOT-2026-1243,2026-08-06 20:54:00,3호기,야간,128.7,121.1,1455.0,21.29,3.466,4.181,0.38,23.8,양품
LOT-2026-1243,2026-08-06 20:57:00,4호기,야간,132.2,116.9,1459.0,20.71,3.509,4.193,0.434,23.6,양품
LOT-2026-1243,2026-08-06 21:00:00,1호기,야간,130.9,115.2,1412.0,21.48,3.494,4.187,0.434,36.1,양품
LOT-2026-1243,2026-08-06 21:03:00,2호기,야간,131.3,116.3,1502.0,20.64,3.474,4.194,0.422,48.2,양품
LOT-2026-1243,2026-08-06 21:06:00,3호기,야간,131.5,112.4,1572.0,21.78,3.496,4.176,0.417,24.2,양품
LOT-2026-1243,2026-08-06 21:09:00,4호기,야간,128.3,120.9,1480.0,20.64,3.482,4.181,0.408,35.9,양품
LOT-2026-1243,2026-08-06 21:12:00,1호기,야간,132.2,116.1,1461.0,21.3,3.451,4.197,0.421,23.8,양품
LOT-2026-1243,2026-08-06 21:15:00,2호기,야간,133.6,116.6,1430.0,21.78,3.496,4.18,0.416,47.7,양품
LOT-2026-1243,2026-08-06 21:18:00,3호기,야간,130.7,119.1,1361.0,20.62,3.536,4.183,0.388,35.9,양품
LOT-2026-1243,2026-08-06 21:21:00,4호기,야간,133.3,114.9,1399.0,21.63,3.471,4.193,0.401,36.2,양품
LOT-2026-1243,2026-08-06 21:24:00,1호기,야간,131.8,118.3,1405.0,21.89,3.502,4.205,0.431,48.0,양품
LOT-2026-1243,2026-08-06 21:27:00,2호기,야간,132.3,117.3,1476.0,22.05,3.483,4.194,0.436,47.6,불량
LOT-2026-1243,2026-08-06 21:30:00,3호기,야간,132.8,115.9,1469.0,22.17,3.49,4.203,0.438,48.1,양품
LOT-2026-1243,2026-08-06 21:33:00,4호기,야간,130.8,116.9,1595.0,21.29,3.456,4.191,0.437,36.3,양품
LOT-2026-1243,2026-08-06 21:36:00,1호기,야간,131.1,118.4,1520.0,20.52,3.478,4.198,0.416,48.0,양품
LOT-2026-1243,2026-08-06 21:39:00,2호기,야간,133.1,117.3,1601.0,20.37,3.514,4.201,0.38,36.2,양품
LOT-2026-1243,2026-08-06 21:42:00,3호기,야간,132.9,119.9,1368.0,21.23,3.502,4.191,0.389,47.5,양품
LOT-2026-1243,2026-08-06 21:45:00,4호기,야간,130.9,118.1,1357.0,20.28,3.46,4.182,0.413,23.9,양품
LOT-2026-1243,2026-08-06 21:48:00,1호기,야간,132.6,120.9,1416.0,21.98,3.499,4.178,0.418,23.6,양품
LOT-2026-1243,2026-08-06 21:51:00,2호기,야간,131.9,116.8,1473.0,21.87,3.442,4.195,0.424,47.9,양품
LOT-2026-1243,2026-08-06 21:54:00,3호기,야간,132.0,118.8,1439.0,22.57,3.476,4.187,0.433,23.9,양품
LOT-2026-1243,2026-08-06 21:57:00,4호기,야간,127.7,116.4,1305.0,21.35,3.517,4.187,0.376,24.4,양품
LOT-2026-1244,2026-08-06 22:00:00,1호기,야간,132.8,113.1,1399.0,21.9,3.489,4.194,0.383,36.7,양품
LOT-2026-1244,2026-08-06 22:03:00,2호기,야간,132.1,119.6,1451.0,20.8,3.464,4.194,0.376,47.6,양품
LOT-2026-1244,2026-08-06 22:06:00,3호기,야간,132.7,118.5,1452.0,21.11,3.398,4.192,0.414,48.0,양품
LOT-2026-1244,2026-08-06 22:09:00,4호기,야간,134.1,119.5,1534.0,20.84,3.517,4.183,0.428,24.5,양품
LOT-2026-1244,2026-08-06 22:12:00,1호기,야간,132.5,118.3,1450.0,20.22,3.529,4.191,0.421,35.5,불량
LOT-2026-1244,2026-08-06 22:15:00,2호기,야간,130.6,114.9,1386.0,21.53,3.552,4.196,0.426,35.8,양품
LOT-2026-1244,2026-08-06 22:18:00,3호기,야간,132.9,125.7,1412.0,22.24,3.468,4.196,0.424,48.1,양품
LOT-2026-1244,2026-08-06 22:21:00,4호기,야간,132.7,119.5,1466.0,21.25,3.444,4.19,0.403,24.0,양품
LOT-2026-1244,2026-08-06 22:24:00,1호기,야간,130.8,120.9,1520.0,21.84,3.489,4.181,0.396,48.0,양품
LOT-2026-1244,2026-08-06 22:27:00,2호기,야간,129.7,117.1,1449.0,21.44,3.416,4.202,0.429,23.4,불량
LOT-2026-1244,2026-08-06 22:30:00,3호기,야간,130.9,116.3,1488.0,20.87,3.54,4.205,0.42,23.6,양품
LOT-2026-1244,2026-08-06 22:33:00,4호기,야간,128.0,115.7,1373.0,21.55,3.411,4.187,0.423,24.3,양품
LOT-2026-1244,2026-08-06 22:36:00,1호기,야간,136.0,119.2,1441.0,21.37,3.411,4.199,0.391,36.5,양품
LOT-2026-1244,2026-08-06 22:39:00,2호기,야간,130.4,120.8,1481.0,22.21,3.445,4.174,0.435,36.3,양품
LOT-2026-1244,2026-08-06 22:42:00,3호기,야간,132.9,116.2,1493.0,21.79,3.468,4.198,0.43,24.7,양품
LOT-2026-1244,2026-08-06 22:45:00,4호기,야간,131.0,118.3,1529.0,21.83,3.42,4.192,0.425,35.7,불량
LOT-2026-1244,2026-08-06 22:48:00,1호기,야간,129.9,118.7,1534.0,21.41,3.509,4.172,0.415,47.9,양품
LOT-2026-1244,2026-08-06 22:51:00,2호기,야간,132.6,118.1,1528.0,20.41,3.497,4.202,0.389,24.5,양품
LOT-2026-1244,2026-08-06 22:54:00,3호기,야간,127.8,122.6,1493.0,20.59,3.445,4.197,0.419,47.5,양품
LOT-2026-1244,2026-08-06 22:57:00,4호기,야간,130.6,117.8,1513.0,21.25,3.471,4.176,0.404,24.1,양품
LOT-2026-1244,2026-08-06 23:00:00,1호기,야간,130.7,112.7,1528.0,21.76,3.507,4.187,0.392,35.4,양품
LOT-2026-1244,2026-08-06 23:03:00,2호기,야간,132.8,115.7,1436.0,21.77,3.435,4.2,0.431,24.6,양품
LOT-2026-1244,2026-08-06 23:06:00,3호기,야간,131.4,118.3,1401.0,20.48,3.496,4.194,0.436,23.7,양품
LOT-2026-1244,2026-08-06 23:09:00,4호기,야간,131.8,112.9,1376.0,20.7,3.463,4.184,0.396,23.9,양품
LOT-2026-1244,2026-08-06 23:12:00,1호기,야간,135.7,118.4,1458.0,20.96,3.484,4.181,0.441,24.0,양품
LOT-2026-1244,2026-08-06 23:15:00,2호기,야간,134.4,114.4,1466.0,20.15,3.512,4.199,0.422,35.8,불량
LOT-2026-1244,2026-08-06 23:18:00,3호기,야간,131.2,116.1,1424.0,21.55,3.482,4.178,0.431,48.1,양품
LOT-2026-1244,2026-08-06 23:21:00,4호기,야간,130.9,115.7,1457.0,20.81,3.511,4.193,0.434,24.4,양품
LOT-2026-1244,2026-08-06 23:24:00,1호기,야간,132.2,118.3,1465.0,21.24,3.545,4.185,0.396,36.2,양품
LOT-2026-1244,2026-08-06 23:27:00,2호기,야간,133.5,114.0,1491.0,20.56,3.528,4.196,0.438,36.0,양품
LOT-2026-1244,2026-08-06 23:30:00,3호기,야간,133.3,116.0,1297.0,21.57,3.456,4.181,0.373,24.1,양품
LOT-2026-1244,2026-08-06 23:33:00,4호기,야간,129.4,119.1,1331.0,21.72,3.473,4.197,0.429,47.3,양품
LOT-2026-1244,2026-08-06 23:36:00,1호기,야간,130.6,116.6,1509.0,21.56,3.45,4.177,0.426,23.5,양품
LOT-2026-1244,2026-08-06 23:39:00,2호기,야간,132.1,119.0,1393.0,20.64,3.429,4.186,0.417,24.1,양품
LOT-2026-1244,2026-08-06 23:42:00,3호기,야간,132.1,116.9,1462.0,21.19,3.486,4.186,0.416,24.5,양품
LOT-2026-1244,2026-08-06 23:45:00,4호기,야간,134.1,118.9,1367.0,21.2,3.483,4.189,0.418,24.0,양품
LOT-2026-1244,2026-08-06 23:48:00,1호기,야간,132.6,119.7,1470.0,21.23,3.542,4.198,0.421,35.9,양품
LOT-2026-1244,2026-08-06 23:51:00,2호기,야간,129.9,116.4,1397.0,21.04,3.458,4.196,0.422,23.4,양품
LOT-2026-1244,2026-08-06 23:54:00,3호기,야간,129.5,114.3,1373.0,21.39,3.499,4.204,0.408,49.1,양품
LOT-2026-1244,2026-08-06 23:57:00,4호기,야간,132.3,117.5,1389.0,20.8,3.436,4.197,0.404,23.7,양품
LOT-2026-1245,2026-08-07 00:00:00,1호기,야간,130.7,116.1,1411.0,20.84,3.438,4.202,0.448,24.1,양품
LOT-2026-1245,2026-08-07 00:03:00,2호기,야간,132.8,119.2,1547.0,21.85,3.49,4.182,0.434,48.0,양품
LOT-2026-1245,2026-08-07 00:00:00,3호기,야간,134.1,121.4,1429.0,20.98,3.43,4.187,0.419,24.5,양품
LOT-2026-1245,2026-08-07 00:03:00,4호기,야간,130.1,118.4,1492.0,20.48,3.525,4.203,0.402,23.9,양품
LOT-2026-1245,2026-08-07 00:12:00,1호기,야간,131.8,115.9,1380.0,20.7,3.428,4.197,0.422,48.4,양품
LOT-2026-1245,2026-08-07 00:15:00,2호기,야간,130.1,117.9,1450.0,20.62,3.456,4.172,0.445,35.4,양품
LOT-2026-1245,2026-08-07 00:18:00,3호기,야간,128.4,118.8,1385.0,20.94,3.456,4.193,0.45,35.2,양품
LOT-2026-1245,2026-08-07 00:21:00,4호기,야간,131.1,121.0,1543.0,22.43,3.43,4.183,0.397,47.8,불량
LOT-2026-1245,2026-08-07 00:24:00,1호기,야간,130.4,117.9,1485.0,20.9,3.463,4.182,0.393,47.8,양품
LOT-2026-1245,2026-08-07 00:27:00,2호기,야간,131.8,116.7,1408.0,21.84,3.53,4.203,0.424,49.0,양품
LOT-2026-1245,2026-08-07 00:30:00,3호기,야간,130.8,131.9,1434.0,21.68,3.457,4.202,0.419,47.7,양품
LOT-2026-1245,2026-08-07 00:33:00,4호기,야간,130.8,114.4,1430.0,21.02,3.459,4.176,0.407,48.5,양품
LOT-2026-1245,2026-08-07 00:36:00,1호기,야간,129.6,114.6,1471.0,21.59,3.49,4.19,0.384,24.2,양품
LOT-2026-1245,2026-08-07 00:39:00,2호기,야간,130.9,119.0,1384.0,21.58,3.49,4.169,0.446,47.8,양품
LOT-2026-1245,2026-08-07 00:42:00,3호기,야간,130.5,117.1,1492.0,21.45,3.463,4.178,0.406,23.6,양품
LOT-2026-1245,2026-08-07 00:45:00,4호기,야간,129.3,121.0,1462.0,21.37,3.501,4.21,0.401,35.8,양품
LOT-2026-1245,2026-08-07 00:48:00,1호기,야간,131.6,120.2,1516.0,20.98,3.48,4.18,0.427,36.0,양품
LOT-2026-1245,2026-08-07 00:51:00,2호기,야간,130.4,117.0,1634.0,21.04,3.517,4.174,0.418,47.9,양품
LOT-2026-1245,2026-08-07 00:54:00,3호기,야간,133.5,107.0,1472.0,20.63,3.481,4.18,0.439,24.2,양품
LOT-2026-1245,2026-08-07 00:57:00,4호기,야간,131.5,117.5,1515.0,20.63,3.539,4.19,0.447,48.0,양품
LOT-2026-1245,2026-08-07 01:00:00,1호기,야간,133.7,116.8,1401.0,21.42,3.514,4.205,0.434,36.4,양품
LOT-2026-1245,2026-08-07 01:03:00,2호기,야간,133.4,115.0,1528.0,22.12,3.483,4.21,0.413,24.0,양품
LOT-2026-1245,2026-08-07 01:06:00,3호기,야간,133.9,117.1,1469.0,21.22,3.502,4.184,0.408,23.8,양품
LOT-2026-1245,2026-08-07 01:09:00,4호기,야간,129.6,117.4,1408.0,21.27,3.498,4.193,0.413,47.5,양품
LOT-2026-1245,2026-08-07 01:12:00,1호기,야간,130.9,114.5,1555.0,20.96,3.544,4.184,0.369,36.7,양품
LOT-2026-1245,2026-08-07 01:15:00,2호기,야간,131.4,116.4,1388.0,21.31,3.591,4.178,0.423,35.6,양품
LOT-2026-1245,2026-08-07 01:18:00,3호기,야간,131.0,116.8,1401.0,21.84,3.452,4.193,0.415,23.7,양품
LOT-2026-1245,2026-08-07 01:21:00,4호기,야간,130.0,116.2,1524.0,20.84,3.47,4.206,0.385,24.2,양품
LOT-2026-1245,2026-08-07 01:24:00,1호기,야간,130.7,113.8,1456.0,21.4,3.481,4.185,0.401,48.3,양품
LOT-2026-1245,2026-08-07 01:27:00,2호기,야간,132.4,114.0,1449.0,21.86,3.521,4.182,0.404,35.6,양품
LOT-2026-1245,2026-08-07 01:30:00,3호기,야간,127.9,119.7,1519.0,21.38,3.387,4.179,0.385,24.0,양품
LOT-2026-1245,2026-08-07 01:33:00,4호기,야간,128.9,113.3,1421.0,21.78,3.552,4.193,0.399,23.9,양품
LOT-2026-1245,2026-08-07 01:36:00,1호기,야간,135.4,115.8,1367.0,20.83,3.505,4.198,0.444,48.2,양품
LOT-2026-1245,2026-08-07 01:39:00,2호기,야간,130.0,114.2,1399.0,21.45,3.47,4.187,0.397,48.4,불량
LOT-2026-1245,2026-08-07 01:42:00,3호기,야간,131.6,121.6,1544.0,21.88,3.481,4.183,0.393,36.5,양품
LOT-2026-1245,2026-08-07 01:45:00,4호기,야간,132.1,110.3,1498.0,20.69,3.526,4.209,0.393,47.9,양품
LOT-2026-1245,2026-08-07 01:48:00,1호기,야간,132.0,115.4,1435.0,21.47,3.499,4.193,0.404,48.5,양품
LOT-2026-1245,2026-08-07 01:51:00,2호기,야간,131.6,118.3,1477.0,20.46,3.486,4.183,0.424,35.5,양품
LOT-2026-1245,2026-08-07 01:54:00,3호기,야간,132.8,119.6,1556.0,20.75,3.544,4.182,0.422,24.0,양품
LOT-2026-1245,2026-08-07 01:57:00,4호기,야간,132.2,115.4,1524.0,22.22,3.53,4.187,0.422,24.0,불량
LOT-2026-1246,2026-08-07 02:00:00,1호기,야간,126.4,108.9,1450.0,20.81,3.425,4.185,0.434,47.3,양품
LOT-2026-1246,2026-08-07 02:03:00,2호기,야간,132.1,115.8,1484.0,21.39,3.459,4.184,0.405,35.6,양품
LOT-2026-1246,2026-08-07 02:06:00,3호기,야간,129.5,117.8,1467.0,21.49,3.573,4.207,0.422,24.1,양품
LOT-2026-1246,2026-08-07 02:09:00,4호기,야간,131.9,118.1,1494.0,21.86,3.566,4.197,0.438,48.1,양품
LOT-2026-1246,2026-08-07 02:12:00,1호기,야간,128.9,119.5,1390.0,21.96,3.48,4.191,0.414,24.2,양품
LOT-2026-1246,2026-08-07 02:15:00,2호기,야간,132.4,117.2,1408.0,21.44,3.458,4.189,0.381,48.6,양품
LOT-2026-1246,2026-08-07 02:18:00,3호기,야간,131.2,118.4,1431.0,20.81,3.51,4.196,0.415,48.1,양품
LOT-2026-1246,2026-08-07 02:21:00,4호기,야간,131.5,117.3,1452.0,22.2,3.458,4.2,0.379,35.9,양품
LOT-2026-1246,2026-08-07 02:24:00,1호기,야간,131.1,118.2,1522.0,21.92,3.472,4.191,0.413,24.0,양품
LOT-2026-1246,2026-08-07 02:27:00,2호기,야간,135.2,113.4,1476.0,21.36,3.525,4.191,0.453,23.7,양품
LOT-2026-1246,2026-08-07 02:30:00,3호기,야간,127.7,119.7,1493.0,22.08,3.492,4.188,0.411,35.3,양품
LOT-2026-1246,2026-08-07 02:33:00,4호기,야간,132.4,116.5,1529.0,21.1,3.479,4.177,0.402,23.4,양품
LOT-2026-1246,2026-08-07 02:36:00,1호기,야간,130.3,118.3,1510.0,20.84,3.476,4.19,0.446,48.0,불량
LOT-2026-1246,2026-08-07 02:39:00,2호기,야간,132.8,119.1,1414.0,21.06,3.455,4.187,0.432,47.7,양품
LOT-2026-1246,2026-08-07 02:42:00,3호기,야간,129.4,114.5,1382.0,20.64,3.518,4.182,0.402,23.8,양품
LOT-2026-1246,2026-08-07 02:45:00,4호기,야간,131.1,120.6,1437.0,21.07,3.428,4.184,0.436,24.0,양품
LOT-2026-1246,2026-08-07 02:48:00,1호기,야간,130.0,116.9,1425.0,20.71,3.456,4.185,0.453,48.3,양품
LOT-2026-1246,2026-08-07 02:51:00,2호기,야간,132.3,117.0,1437.0,21.62,3.491,4.195,0.429,36.0,양품
LOT-2026-1246,2026-08-07 02:54:00,3호기,야간,131.2,121.8,1438.0,21.13,3.496,4.18,0.461,23.8,양품
LOT-2026-1246,2026-08-07 02:57:00,4호기,야간,131.0,116.7,1499.0,20.29,3.453,4.18,0.426,23.8,양품
LOT-2026-1246,2026-08-07 03:00:00,1호기,야간,129.6,115.7,1395.0,21.55,3.49,4.197,0.382,23.7,양품
LOT-2026-1246,2026-08-07 03:03:00,2호기,야간,128.7,132.1,1438.0,21.31,3.52,4.191,0.397,47.8,양품
LOT-2026-1246,2026-08-07 03:06:00,3호기,야간,131.3,120.9,1430.0,19.92,3.492,4.188,0.415,24.1,불량
LOT-2026-1246,2026-08-07 03:09:00,4호기,야간,134.2,121.2,1490.0,22.2,3.47,4.19,0.443,35.9,양품
LOT-2026-1246,2026-08-07 03:12:00,1호기,야간,130.0,117.3,1579.0,21.03,3.512,4.18,0.392,48.6,양품
LOT-2026-1246,2026-08-07 03:15:00,2호기,야간,130.8,119.0,1381.0,22.24,3.544,4.169,0.445,23.7,불량
LOT-2026-1246,2026-08-07 03:18:00,3호기,야간,127.2,119.4,1469.0,21.94,3.372,4.185,0.408,24.5,불량
LOT-2026-1246,2026-08-07 03:21:00,4호기,야간,131.4,119.5,1487.0,21.9,3.491,4.192,0.442,48.4,양품
LOT-2026-1246,2026-08-07 03:24:00,1호기,야간,132.6,118.5,1350.0,22.11,3.415,4.192,0.423,23.4,불량
LOT-2026-1246,2026-08-07 03:27:00,2호기,야간,133.7,116.8,1377.0,21.54,3.501,4.187,0.403,23.8,양품
LOT-2026-1246,2026-08-07 03:30:00,3호기,야간,129.1,118.8,1490.0,21.28,3.473,4.188,0.42,24.0,양품
LOT-2026-1246,2026-08-07 03:33:00,4호기,야간,126.8,117.4,1377.0,21.12,3.491,4.193,0.392,48.3,양품
LOT-2026-1246,2026-08-07 03:36:00,1호기,야간,132.9,116.3,1505.0,20.92,3.476,4.204,0.423,36.2,양품
LOT-2026-1246,2026-08-07 03:39:00,2호기,야간,134.8,115.0,1422.0,20.58,3.551,4.182,0.418,24.0,양품
LOT-2026-1246,2026-08-07 03:42:00,3호기,야간,132.7,118.4,1504.0,21.65,3.531,4.198,0.414,47.7,양품
LOT-2026-1246,2026-08-07 03:45:00,4호기,야간,130.4,120.6,1451.0,21.59,3.462,4.193,0.43,24.7,불량
LOT-2026-1246,2026-08-07 03:48:00,1호기,야간,128.6,116.7,1520.0,20.63,3.53,4.188,0.443,23.8,양품
LOT-2026-1246,2026-08-07 03:51:00,2호기,야간,132.9,117.2,1534.0,21.51,3.453,4.187,0.419,23.5,양품
LOT-2026-1246,2026-08-07 03:54:00,3호기,야간,133.0,115.2,1467.0,21.21,3.451,4.185,0.409,35.2,양품
LOT-2026-1246,2026-08-07 03:57:00,4호기,야간,132.6,120.0,1476.0,22.01,3.455,4.2,0.41,24.2,양품
LOT-2026-1247,2026-08-07 04:00:00,1호기,야간,132.3,117.8,1498.0,20.77,3.548,4.186,0.428,36.1,양품
LOT-2026-1247,2026-08-07 04:03:00,2호기,야간,128.3,119.7,1483.0,20.72,3.486,4.173,0.423,23.9,양품
LOT-2026-1247,2026-08-07 04:06:00,3호기,야간,131.6,116.6,1388.0,22.17,3.467,4.187,0.434,24.5,양품
LOT-2026-1247,2026-08-07 04:09:00,4호기,야간,130.3,119.8,1356.0,21.82,3.51,4.178,0.378,48.3,양품
LOT-2026-1247,2026-08-07 04:12:00,1호기,야간,128.5,114.4,1376.0,21.86,3.573,4.188,0.405,48.0,불량
LOT-2026-1247,2026-08-07 04:15:00,2호기,야간,132.8,112.1,1484.0,21.85,3.479,4.186,0.412,35.9,양품
LOT-2026-1247,2026-08-07 04:18:00,3호기,야간,128.7,120.9,1441.0,22.0,3.511,4.191,0.404,24.1,양품
LOT-2026-1247,2026-08-07 04:21:00,4호기,야간,131.3,118.7,1354.0,21.89,3.519,4.185,0.425,24.2,양품
LOT-2026-1247,2026-08-07 04:24:00,1호기,야간,130.2,120.1,1429.0,22.21,3.466,4.19,0.421,48.3,양품
LOT-2026-1247,2026-08-07 04:27:00,2호기,야간,133.2,117.4,1470.0,22.07,3.556,4.174,0.43,23.4,불량
LOT-2026-1247,2026-08-07 04:30:00,3호기,야간,130.4,115.2,1413.0,22.67,3.463,4.195,0.413,23.9,불량
LOT-2026-1247,2026-08-07 04:33:00,4호기,야간,132.9,118.5,1500.0,22.05,3.497,4.182,0.406,35.2,양품
LOT-2026-1247,2026-08-07 04:36:00,1호기,야간,132.4,120.7,1461.0,21.75,3.514,4.194,0.405,24.3,양품
LOT-2026-1247,2026-08-07 04:39:00,2호기,야간,130.6,120.2,1438.0,22.41,3.513,4.182,0.454,23.8,불량
LOT-2026-1247,2026-08-07 04:42:00,3호기,야간,128.3,116.1,1372.0,22.49,3.497,4.181,0.403,48.3,불량
LOT-2026-1247,2026-08-07 04:45:00,4호기,야간,131.6,120.4,1470.0,21.7,3.449,4.2,0.427,47.4,양품
LOT-2026-1247,2026-08-07 04:48:00,1호기,야간,128.2,116.7,1442.0,23.17,3.533,4.205,0.435,48.7,불량
LOT-2026-1247,2026-08-07 04:51:00,2호기,야간,131.9,117.6,1456.0,21.46,3.426,4.194,0.435,24.1,양품
LOT-2026-1247,2026-08-07 04:54:00,3호기,야간,132.3,118.9,1457.0,22.0,3.43,4.194,0.411,47.9,양품
LOT-2026-1247,2026-08-07 04:57:00,4호기,야간,128.5,117.2,1513.0,22.25,3.524,4.186,0.426,48.2,양품
LOT-2026-1247,2026-08-07 05:00:00,1호기,야간,132.9,113.8,1443.0,22.5,3.473,4.194,0.41,36.2,양품
LOT-2026-1247,2026-08-07 05:03:00,2호기,야간,132.4,119.7,1520.0,22.22,3.605,4.189,0.422,35.7,불량
LOT-2026-1247,2026-08-07 05:06:00,3호기,야간,128.9,117.1,1388.0,21.39,3.505,4.201,0.419,48.2,양품
LOT-2026-1247,2026-08-07 05:09:00,4호기,야간,129.0,114.4,1335.0,21.79,3.404,4.176,0.436,36.0,양품
LOT-2026-1247,2026-08-07 05:12:00,1호기,야간,131.6,119.6,1499.0,22.53,3.493,4.204,0.414,35.8,불량
LOT-2026-1247,2026-08-07 05:15:00,2호기,야간,127.7,114.9,1441.0,21.13,3.528,4.188,0.428,23.9,양품
LOT-2026-1247,2026-08-07 05:18:00,3호기,야간,130.5,118.3,1466.0,21.04,3.521,4.187,0.441,35.6,양품
LOT-2026-1247,2026-08-07 05:21:00,4호기,야간,131.6,117.0,1374.0,21.79,3.426,4.204,0.423,23.4,불량
LOT-2026-1247,2026-08-07 05:24:00,1호기,야간,131.4,119.2,1377.0,22.23,3.483,4.205,0.403,47.2,양품
LOT-2026-1247,2026-08-07 05:27:00,2호기,야간,132.9,114.8,1452.0,21.74,3.45,4.184,0.427,35.8,양품
LOT-2026-1247,2026-08-07 05:30:00,3호기,야간,131.3,116.2,1317.0,22.37,3.438,4.196,0.424,23.0,불량
LOT-2026-1247,2026-08-07 05:33:00,4호기,야간,132.4,116.0,1467.0,22.3,3.437,4.182,0.426,48.0,불량
LOT-2026-1247,2026-08-07 05:36:00,1호기,야간,132.8,114.8,1478.0,22.33,3.514,4.192,0.406,24.6,양품
LOT-2026-1247,2026-08-07 05:39:00,2호기,야간,134.0,118.6,1484.0,21.64,3.515,4.177,0.448,48.5,양품
LOT-2026-1247,2026-08-07 05:42:00,3호기,야간,132.1,112.7,1440.0,21.47,3.547,4.185,0.433,48.6,양품
LOT-2026-1247,2026-08-07 05:45:00,4호기,야간,130.5,117.7,1516.0,21.72,3.453,4.196,0.41,23.9,양품
LOT-2026-1247,2026-08-07 05:48:00,1호기,야간,132.3,113.9,1362.0,20.88,3.46,4.188,0.459,47.5,양품
LOT-2026-1247,2026-08-07 05:51:00,2호기,야간,131.1,114.8,1455.0,21.41,3.454,4.207,0.44,35.8,양품
LOT-2026-1247,2026-08-07 05:54:00,3호기,야간,128.9,117.0,1442.0,22.35,3.437,4.191,0.446,35.1,불량
LOT-2026-1247,2026-08-07 05:57:00,4호기,야간,135.0,119.5,1399.0,22.27,3.468,4.193,0.414,48.6,양품
LOT-2026-1248,2026-08-07 06:00:00,1호기,주간,129.9,117.4,1433.0,22.33,3.492,4.187,0.436,36.2,양품
LOT-2026-1248,2026-08-07 06:03:00,2호기,주간,128.0,117.2,1466.0,21.82,3.414,4.191,0.397,23.6,양품
LOT-2026-1248,2026-08-07 06:06:00,3호기,주간,133.1,118.0,1448.0,21.21,3.435,4.204,0.418,24.2,양품
LOT-2026-1248,2026-08-07 06:09:00,4호기,주간,130.2,117.2,1447.0,21.18,3.534,4.194,0.415,35.7,양품
LOT-2026-1248,2026-08-07 06:12:00,1호기,주간,130.4,118.0,1434.0,22.23,3.48,4.187,0.419,48.2,양품
LOT-2026-1248,2026-08-07 06:15:00,2호기,주간,130.5,117.0,1556.0,22.19,3.465,4.193,0.449,48.3,양품
LOT-2026-1248,2026-08-07 06:18:00,3호기,주간,131.0,114.5,1423.0,21.45,3.509,4.189,0.404,23.3,양품
LOT-2026-1248,2026-08-07 06:21:00,4호기,주간,133.4,119.5,1496.0,21.77,3.486,4.183,0.435,24.6,양품
LOT-2026-1248,2026-08-07 06:24:00,1호기,주간,128.9,114.8,1414.0,22.0,3.46,4.198,0.411,36.5,양품
LOT-2026-1248,2026-08-07 06:27:00,2호기,주간,131.6,116.9,1486.0,21.68,3.562,4.192,0.411,47.0,양품
LOT-2026-1248,2026-08-07 06:30:00,3호기,주간,129.2,114.0,1438.0,21.89,3.509,4.185,0.429,24.3,양품
LOT-2026-1248,2026-08-07 06:33:00,4호기,주간,131.8,118.6,1308.0,21.97,3.484,4.199,0.423,35.6,양품
LOT-2026-1248,2026-08-07 06:36:00,1호기,주간,131.7,116.5,1411.0,21.69,3.519,4.203,0.429,36.2,양품
LOT-2026-1248,2026-08-07 06:39:00,2호기,주간,135.9,117.2,1508.0,21.73,3.525,4.194,0.438,48.4,양품
LOT-2026-1248,2026-08-07 06:42:00,3호기,주간,131.6,115.6,1489.0,22.23,3.517,4.177,0.411,23.6,양품
LOT-2026-1248,2026-08-07 06:45:00,4호기,주간,130.4,117.3,1568.0,21.96,3.456,4.181,0.411,24.1,양품
LOT-2026-1248,2026-08-07 06:48:00,1호기,주간,132.8,118.4,1454.0,21.68,3.47,4.188,0.433,23.8,양품
LOT-2026-1248,2026-08-07 06:51:00,2호기,주간,135.3,117.8,1461.0,21.8,3.469,4.192,0.413,48.3,양품
LOT-2026-1248,2026-08-07 06:54:00,3호기,주간,131.4,115.4,1491.0,21.48,3.479,4.189,0.407,48.2,양품
LOT-2026-1248,2026-08-07 06:57:00,4호기,주간,129.5,115.6,1478.0,21.15,3.537,4.189,0.408,48.5,양품
LOT-2026-1248,2026-08-07 07:00:00,1호기,주간,131.8,118.0,1422.0,20.31,3.494,4.197,0.424,24.2,양품
LOT-2026-1248,2026-08-07 07:03:00,2호기,주간,132.7,112.1,1469.0,21.64,3.477,4.203,0.445,24.5,양품
LOT-2026-1248,2026-08-07 07:06:00,3호기,주간,132.6,122.5,1424.0,21.86,3.5,4.187,0.394,35.1,양품
LOT-2026-1248,2026-08-07 07:09:00,4호기,주간,134.1,120.0,1282.0,21.66,3.518,4.197,0.417,24.1,양품
LOT-2026-1248,2026-08-07 07:12:00,1호기,주간,131.1,116.2,1351.0,21.57,3.52,4.2,0.407,35.3,양품
LOT-2026-1248,2026-08-07 07:15:00,2호기,주간,131.2,113.6,1460.0,22.12,3.492,4.175,0.41,36.3,양품
LOT-2026-1248,2026-08-07 07:18:00,3호기,주간,128.2,114.9,1542.0,21.32,3.385,4.185,0.415,36.6,양품
LOT-2026-1248,2026-08-07 07:21:00,4호기,주간,129.0,118.4,1340.0,21.51,3.48,4.189,0.412,23.6,양품
LOT-2026-1248,2026-08-07 07:24:00,1호기,주간,131.1,118.3,1351.0,22.49,3.512,4.204,0.415,23.7,불량
LOT-2026-1248,2026-08-07 07:27:00,2호기,주간,130.6,119.4,1463.0,22.36,3.465,4.2,0.43,23.9,양품
LOT-2026-1248,2026-08-07 07:30:00,3호기,주간,130.1,115.7,1476.0,22.16,3.535,4.185,0.419,36.1,양품
LOT-2026-1248,2026-08-07 07:33:00,4호기,주간,132.7,116.5,1431.0,21.45,3.497,4.181,0.397,48.7,양품
LOT-2026-1248,2026-08-07 07:36:00,1호기,주간,127.0,115.3,1439.0,22.25,3.492,4.208,0.465,23.3,양품
LOT-2026-1248,2026-08-07 07:39:00,2호기,주간,132.7,120.6,1452.0,22.77,3.5,4.202,0.396,23.7,불량
LOT-2026-1248,2026-08-07 07:42:00,3호기,주간,128.0,116.3,1333.0,22.44,3.456,4.194,0.43,36.0,불량
LOT-2026-1248,2026-08-07 07:45:00,4호기,주간,134.0,115.7,1423.0,22.34,3.422,4.186,0.428,23.1,불량
LOT-2026-1248,2026-08-07 07:48:00,1호기,주간,132.9,112.4,1427.0,22.17,3.476,4.187,0.41,23.5,양품
LOT-2026-1248,2026-08-07 07:51:00,2호기,주간,131.3,115.8,1492.0,22.41,3.503,4.189,0.399,24.6,양품
LOT-2026-1248,2026-08-07 07:54:00,3호기,주간,132.1,115.2,1489.0,22.34,3.512,4.171,0.453,23.5,양품
LOT-2026-1248,2026-08-07 07:57:00,4호기,주간,131.9,114.6,1564.0,21.56,3.471,4.211,0.411,48.2,양품
LOT-2026-1249,2026-08-07 08:00:00,1호기,주간,129.4,120.0,1356.0,21.78,3.49,4.203,0.437,48.3,양품
LOT-2026-1249,2026-08-07 08:03:00,2호기,주간,127.7,120.5,1673.0,21.32,3.485,4.175,0.433,48.1,양품
LOT-2026-1249,2026-08-07 08:06:00,3호기,주간,130.0,116.4,1394.0,20.94,3.44,4.2,0.419,24.3,양품
LOT-2026-1249,2026-08-07 08:09:00,4호기,주간,129.8,117.5,1495.0,21.04,3.465,4.181,0.375,24.1,양품
LOT-2026-1249,2026-08-07 08:12:00,1호기,주간,130.9,117.6,1387.0,21.51,3.446,4.178,0.43,47.6,양품
LOT-2026-1249,2026-08-07 08:15:00,2호기,주간,131.5,122.4,1486.0,21.25,3.495,4.193,0.418,36.3,양품
LOT-2026-1249,2026-08-07 08:18:00,3호기,주간,131.8,120.8,1476.0,21.34,3.53,4.184,0.429,23.4,양품
LOT-2026-1249,2026-08-07 08:21:00,4호기,주간,132.3,118.8,1397.0,19.86,3.471,4.18,0.45,48.4,불량
LOT-2026-1249,2026-08-07 08:24:00,1호기,주간,130.5,115.6,1463.0,20.64,3.517,4.197,0.4,37.0,양품
LOT-2026-1249,2026-08-07 08:27:00,2호기,주간,129.2,116.1,1398.0,21.55,3.499,4.199,0.431,24.3,양품
LOT-2026-1249,2026-08-07 08:30:00,3호기,주간,130.5,114.9,1361.0,20.76,3.481,4.192,0.413,23.2,양품
LOT-2026-1249,2026-08-07 08:33:00,4호기,주간,130.7,118.7,1508.0,21.26,3.406,4.191,0.467,24.3,양품
LOT-2026-1249,2026-08-07 08:36:00,1호기,주간,129.5,121.2,1401.0,20.5,3.487,4.181,0.42,47.3,양품
LOT-2026-1249,2026-08-07 08:39:00,2호기,주간,132.5,116.8,1501.0,19.62,3.517,4.193,0.379,48.2,불량
LOT-2026-1249,2026-08-07 08:42:00,3호기,주간,128.2,116.7,1439.0,20.67,3.501,4.2,0.413,24.6,양품
LOT-2026-1249,2026-08-07 08:45:00,4호기,주간,133.5,119.9,1431.0,20.15,3.454,4.195,0.44,23.6,불량
LOT-2026-1249,2026-08-07 08:48:00,1호기,주간,130.2,117.6,1559.0,20.84,3.474,4.191,0.465,24.5,양품
LOT-2026-1249,2026-08-07 08:51:00,2호기,주간,131.6,115.1,1457.0,20.89,3.389,4.2,0.432,23.9,양품
LOT-2026-1249,2026-08-07 08:54:00,3호기,주간,129.6,117.5,1360.0,21.75,3.506,4.2,0.436,23.9,양품
LOT-2026-1249,2026-08-07 08:57:00,4호기,주간,132.7,116.2,1432.0,20.32,3.484,4.203,0.427,48.0,양품
LOT-2026-1249,2026-08-07 09:00:00,1호기,주간,130.5,117.4,1496.0,19.77,3.469,4.202,0.443,47.6,불량
LOT-2026-1249,2026-08-07 09:03:00,2호기,주간,132.8,119.7,1452.0,21.56,3.454,4.19,0.422,24.5,양품
LOT-2026-1249,2026-08-07 09:06:00,3호기,주간,130.0,110.8,1412.0,20.79,3.476,4.177,0.46,47.9,양품
LOT-2026-1249,2026-08-07 09:09:00,4호기,주간,131.0,116.9,1447.0,22.63,3.495,4.202,0.408,35.8,불량
LOT-2026-1249,2026-08-07 09:12:00,1호기,주간,129.6,117.2,1497.0,21.44,3.451,4.184,0.448,47.7,양품
LOT-2026-1249,2026-08-07 09:15:00,2호기,주간,132.6,116.8,1417.0,21.44,3.443,4.185,0.388,47.2,양품
LOT-2026-1249,2026-08-07 09:18:00,3호기,주간,132.5,117.6,1409.0,19.98,3.413,4.21,0.418,24.7,불량
LOT-2026-1249,2026-08-07 09:21:00,4호기,주간,132.2,122.1,1539.0,20.57,3.442,4.191,0.396,35.4,양품
LOT-2026-1249,2026-08-07 09:24:00,1호기,주간,132.0,121.6,1553.0,20.35,3.501,4.206,0.452,36.6,양품
LOT-2026-1249,2026-08-07 09:27:00,2호기,주간,130.0,118.5,1409.0,20.91,3.503,4.197,0.422,23.6,양품
LOT-2026-1249,2026-08-07 09:30:00,3호기,주간,132.1,119.3,1446.0,21.22,3.533,4.181,0.367,23.6,양품
LOT-2026-1249,2026-08-07 09:33:00,4호기,주간,128.0,117.1,1322.0,20.43,3.429,4.182,0.406,23.8,양품
LOT-2026-1249,2026-08-07 09:36:00,1호기,주간,133.6,114.3,1494.0,21.1,3.414,4.203,0.42,47.1,양품
LOT-2026-1249,2026-08-07 09:39:00,2호기,주간,130.0,117.4,1428.0,20.61,3.418,4.182,0.449,35.8,양품
LOT-2026-1249,2026-08-07 09:42:00,3호기,주간,130.9,119.1,1446.0,21.52,3.421,4.195,0.406,35.6,양품
LOT-2026-1249,2026-08-07 09:45:00,4호기,주간,130.7,122.4,1444.0,21.01,3.485,4.195,0.392,47.8,불량
LOT-2026-1249,2026-08-07 09:48:00,1호기,주간,132.3,120.3,1569.0,22.14,3.521,4.204,0.407,23.7,양품
LOT-2026-1249,2026-08-07 09:51:00,2호기,주간,129.0,116.7,1426.0,21.0,3.485,4.211,0.439,23.9,양품
LOT-2026-1249,2026-08-07 09:54:00,3호기,주간,133.4,117.6,1465.0,20.94,3.404,4.203,0.441,24.1,양품
LOT-2026-1249,2026-08-07 09:57:00,4호기,주간,131.9,117.5,1403.0,21.79,3.518,4.185,0.416,47.8,양품
LOT-2026-1250,2026-08-07 10:00:00,1호기,주간,126.7,117.5,1350.0,21.1,3.573,4.2,0.411,22.7,양품
LOT-2026-1250,2026-08-07 10:03:00,2호기,주간,131.0,115.3,1495.0,21.06,3.543,4.198,0.436,24.2,양품
LOT-2026-1250,2026-08-07 10:06:00,3호기,주간,129.1,119.5,1417.0,21.63,3.512,4.191,0.441,36.1,양품
LOT-2026-1250,2026-08-07 10:09:00,4호기,주간,130.1,115.9,1459.0,20.85,3.46,4.206,0.433,24.6,양품
LOT-2026-1250,2026-08-07 10:12:00,1호기,주간,131.6,118.1,1542.0,21.03,3.569,4.198,0.407,24.7,양품
LOT-2026-1250,2026-08-07 10:15:00,2호기,주간,131.5,120.0,1412.0,21.69,3.499,4.183,0.428,36.1,양품
LOT-2026-1250,2026-08-07 10:18:00,3호기,주간,128.0,117.1,1489.0,21.4,3.471,4.188,0.407,23.9,양품
LOT-2026-1250,2026-08-07 10:21:00,4호기,주간,130.2,120.3,1549.0,21.16,3.464,4.2,0.437,23.6,양품
LOT-2026-1250,2026-08-07 10:24:00,1호기,주간,133.8,116.1,1511.0,20.58,3.394,4.178,0.418,23.8,불량
LOT-2026-1250,2026-08-07 10:27:00,2호기,주간,130.6,114.3,1414.0,20.23,3.505,4.197,0.431,35.9,양품
LOT-2026-1250,2026-08-07 10:30:00,3호기,주간,130.4,118.1,1498.0,21.49,3.529,4.192,0.437,47.6,양품
LOT-2026-1250,2026-08-07 10:33:00,4호기,주간,126.8,117.7,1518.0,21.32,3.452,4.188,0.412,47.5,양품
LOT-2026-1250,2026-08-07 10:36:00,1호기,주간,131.5,119.0,1511.0,21.88,3.522,4.185,0.421,24.1,양품
LOT-2026-1250,2026-08-07 10:39:00,2호기,주간,131.8,118.7,1349.0,21.34,3.499,4.189,0.397,47.5,양품
LOT-2026-1250,2026-08-07 10:42:00,3호기,주간,132.4,116.1,1420.0,21.59,3.495,4.184,0.445,24.4,양품
LOT-2026-1250,2026-08-07 10:45:00,4호기,주간,131.8,115.5,1364.0,21.71,3.445,4.185,0.403,23.9,양품
LOT-2026-1250,2026-08-07 10:48:00,1호기,주간,129.1,117.3,1403.0,21.02,3.474,4.187,0.437,47.9,양품
LOT-2026-1250,2026-08-07 10:51:00,2호기,주간,129.7,115.4,1553.0,21.55,3.498,4.197,0.413,35.5,양품
LOT-2026-1250,2026-08-07 10:54:00,3호기,주간,131.6,116.7,1395.0,20.81,3.462,4.208,0.419,23.6,불량
LOT-2026-1250,2026-08-07 10:57:00,4호기,주간,132.3,118.7,1530.0,21.28,3.492,4.18,0.408,23.8,양품
LOT-2026-1250,2026-08-07 11:00:00,1호기,주간,130.3,118.2,1363.0,21.13,3.489,4.197,0.406,23.7,양품
LOT-2026-1250,2026-08-07 11:03:00,2호기,주간,129.9,119.6,1406.0,20.9,3.457,4.205,0.419,24.1,양품
LOT-2026-1250,2026-08-07 11:06:00,3호기,주간,130.4,117.9,1401.0,21.22,3.494,4.182,0.427,47.7,양품
LOT-2026-1250,2026-08-07 11:09:00,4호기,주간,130.8,121.9,1476.0,22.62,3.518,4.199,0.429,24.3,불량
LOT-2026-1250,2026-08-07 11:12:00,1호기,주간,130.2,115.1,1401.0,20.97,3.474,4.18,0.418,23.7,양품
LOT-2026-1250,2026-08-07 11:15:00,2호기,주간,132.2,116.5,1385.0,22.39,3.455,4.191,0.453,35.8,양품
LOT-2026-1250,2026-08-07 11:18:00,3호기,주간,130.4,117.5,1421.0,20.7,3.497,4.172,0.419,23.5,양품
LOT-2026-1250,2026-08-07 11:21:00,4호기,주간,131.1,120.0,1509.0,22.06,3.556,4.188,0.42,24.7,불량
LOT-2026-1250,2026-08-07 11:24:00,1호기,주간,131.9,116.8,1420.0,22.29,3.466,4.197,0.409,24.4,양품
LOT-2026-1250,2026-08-07 11:27:00,2호기,주간,126.4,114.6,1359.0,21.59,3.514,4.187,0.421,48.1,양품
LOT-2026-1250,2026-08-07 11:30:00,3호기,주간,131.7,118.4,1470.0,21.63,3.48,4.2,0.441,24.2,양품
LOT-2026-1250,2026-08-07 11:33:00,4호기,주간,131.8,118.1,1300.0,21.19,3.461,4.195,0.404,24.4,양품
LOT-2026-1250,2026-08-07 11:36:00,1호기,주간,128.0,113.2,1481.0,21.18,3.492,4.201,0.446,48.1,양품
LOT-2026-1250,2026-08-07 11:39:00,2호기,주간,130.8,120.1,1474.0,21.35,3.474,4.178,0.397,24.2,양품
LOT-2026-1250,2026-08-07 11:42:00,3호기,주간,130.5,118.9,1497.0,21.87,3.484,4.192,0.407,36.5,양품
LOT-2026-1250,2026-08-07 11:45:00,4호기,주간,131.5,120.7,1500.0,20.72,3.478,4.186,0.397,35.8,양품
LOT-2026-1250,2026-08-07 11:48:00,1호기,주간,132.8,117.8,1572.0,20.48,3.49,4.179,0.411,47.6,양품
LOT-2026-1250,2026-08-07 11:51:00,2호기,주간,128.0,116.9,1552.0,22.18,3.487,4.18,0.426,48.2,양품
LOT-2026-1250,2026-08-07 11:54:00,3호기,주간,129.5,117.2,1458.0,20.68,3.464,4.195,0.413,24.5,양품
LOT-2026-1250,2026-08-07 11:57:00,4호기,주간,130.6,120.3,1384.0,21.57,3.468,4.177,0.411,24.1,양품
LOT-2026-1251,2026-08-07 12:00:00,1호기,주간,130.6,117.7,1454.0,21.2,3.502,4.194,0.43,35.9,양품
LOT-2026-1251,2026-08-07 12:03:00,2호기,주간,130.2,115.2,1415.0,21.79,3.488,4.194,0.423,48.1,양품
LOT-2026-1251,2026-08-07 12:06:00,3호기,주간,130.7,119.5,1350.0,20.94,3.472,4.194,0.443,24.1,양품
LOT-2026-1251,2026-08-07 12:09:00,4호기,주간,133.6,117.7,1377.0,20.89,3.485,4.193,0.424,47.4,양품
LOT-2026-1251,2026-08-07 12:12:00,1호기,주간,131.1,119.5,1512.0,21.68,3.47,4.194,0.442,36.1,양품
LOT-2026-1251,2026-08-07 12:15:00,2호기,주간,133.3,118.0,1430.0,21.12,3.532,4.186,0.41,35.9,양품
LOT-2026-1251,2026-08-07 12:18:00,3호기,주간,130.4,115.4,1440.0,20.84,3.466,4.177,0.391,36.0,불량
LOT-2026-1251,2026-08-07 12:21:00,4호기,주간,129.7,117.6,1524.0,21.19,3.451,4.191,0.409,48.5,양품
LOT-2026-1251,2026-08-07 12:24:00,1호기,주간,127.0,118.0,1472.0,20.52,3.477,4.188,0.415,36.3,양품
LOT-2026-1251,2026-08-07 12:27:00,2호기,주간,131.4,114.0,1454.0,20.89,3.479,4.187,0.447,47.9,불량
LOT-2026-1251,2026-08-07 12:30:00,3호기,주간,130.9,114.3,1527.0,21.15,3.554,4.182,0.427,47.7,양품
LOT-2026-1251,2026-08-07 12:33:00,4호기,주간,127.0,118.9,1496.0,21.8,3.405,4.196,0.437,47.5,양품
LOT-2026-1251,2026-08-07 12:36:00,1호기,주간,132.2,120.2,1474.0,21.18,3.464,4.184,0.393,24.3,양품
LOT-2026-1251,2026-08-07 12:39:00,2호기,주간,130.1,117.7,1483.0,20.57,3.537,4.191,0.412,23.4,양품
LOT-2026-1251,2026-08-07 12:42:00,3호기,주간,132.2,113.7,1425.0,21.27,3.481,4.19,0.412,23.7,양품
LOT-2026-1251,2026-08-07 12:45:00,4호기,주간,129.9,118.6,1381.0,21.5,3.474,4.186,0.433,48.3,양품
LOT-2026-1251,2026-08-07 12:48:00,1호기,주간,132.3,117.0,1431.0,21.65,3.54,4.188,0.392,35.3,양품
LOT-2026-1251,2026-08-07 12:51:00,2호기,주간,129.1,118.2,1440.0,20.89,3.56,4.209,0.462,48.2,양품
LOT-2026-1251,2026-08-07 12:54:00,3호기,주간,131.7,117.4,1397.0,21.39,3.456,4.212,0.401,23.5,양품
LOT-2026-1251,2026-08-07 12:57:00,4호기,주간,133.2,116.2,1513.0,21.43,3.511,4.194,0.412,35.9,양품
LOT-2026-1251,2026-08-07 13:00:00,1호기,주간,126.7,118.9,1381.0,21.27,3.422,4.19,0.411,24.6,양품
LOT-2026-1251,2026-08-07 13:03:00,2호기,주간,131.4,117.0,1500.0,20.95,3.538,4.183,0.432,48.0,양품
LOT-2026-1251,2026-08-07 13:06:00,3호기,주간,134.5,119.7,1374.0,21.53,3.48,4.201,0.416,35.6,양품
LOT-2026-1251,2026-08-07 13:09:00,4호기,주간,128.5,119.3,1447.0,21.93,3.444,4.182,0.389,24.9,양품
LOT-2026-1251,2026-08-07 13:12:00,1호기,주간,130.2,116.5,1573.0,21.23,3.438,4.206,0.44,24.0,양품
LOT-2026-1251,2026-08-07 13:15:00,2호기,주간,134.8,117.5,1365.0,20.91,3.527,4.203,0.417,35.9,양품
LOT-2026-1251,2026-08-07 13:18:00,3호기,주간,129.9,120.5,1319.0,21.52,3.507,4.191,0.424,36.0,양품
LOT-2026-1251,2026-08-07 13:21:00,4호기,주간,131.6,118.7,1432.0,21.45,3.601,4.212,0.441,22.7,양품
LOT-2026-1251,2026-08-07 13:24:00,1호기,주간,130.5,115.1,1456.0,21.2,3.458,4.188,0.428,24.0,양품
LOT-2026-1251,2026-08-07 13:27:00,2호기,주간,132.5,116.9,1412.0,20.47,3.431,4.181,0.439,35.5,양품
LOT-2026-1251,2026-08-07 13:30:00,3호기,주간,132.5,117.9,1493.0,20.64,3.488,4.19,0.436,48.3,양품
LOT-2026-1251,2026-08-07 13:33:00,4호기,주간,132.4,130.9,1486.0,21.75,3.491,4.171,0.398,23.9,양품
LOT-2026-1251,2026-08-07 13:36:00,1호기,주간,128.4,116.9,1533.0,22.13,3.457,4.198,0.397,24.5,양품
LOT-2026-1251,2026-08-07 13:39:00,2호기,주간,130.3,118.4,1480.0,21.09,3.527,4.197,0.451,36.3,불량
LOT-2026-1251,2026-08-07 13:42:00,3호기,주간,130.2,120.4,1538.0,21.14,3.521,4.185,0.415,23.2,양품
LOT-2026-1251,2026-08-07 13:45:00,4호기,주간,128.2,120.3,1397.0,21.19,3.455,4.177,0.424,47.7,양품
LOT-2026-1251,2026-08-07 13:48:00,1호기,주간,129.5,114.5,1369.0,21.54,3.484,4.192,0.43,35.8,양품
LOT-2026-1251,2026-08-07 13:51:00,2호기,주간,129.9,116.8,1436.0,21.44,3.468,4.181,0.428,36.8,양품
LOT-2026-1251,2026-08-07 13:54:00,3호기,주간,130.9,115.5,1417.0,20.8,3.606,4.195,0.411,47.4,불량
LOT-2026-1251,2026-08-07 13:57:00,4호기,주간,128.7,115.8,1494.0,21.34,3.479,4.182,0.4,24.1,양품
LOT-2026-1252,2026-08-07 14:00:00,1호기,주간,132.7,116.2,1433.0,21.09,3.453,4.171,0.431,47.2,양품
LOT-2026-1252,2026-08-07 14:03:00,2호기,주간,131.0,117.2,1393.0,21.75,3.515,4.196,0.43,24.1,양품
LOT-2026-1252,2026-08-07 14:06:00,3호기,주간,129.2,117.5,1483.0,22.06,3.485,4.197,0.451,47.7,양품
LOT-2026-1252,2026-08-07 14:09:00,4호기,주간,132.7,118.3,1442.0,21.53,3.47,4.178,0.409,23.3,양품
LOT-2026-1252,2026-08-07 14:12:00,1호기,주간,132.7,117.7,1367.0,21.0,3.496,4.201,0.416,23.8,양품
LOT-2026-1252,2026-08-07 14:15:00,2호기,주간,132.4,119.3,1475.0,20.85,3.547,4.185,0.426,47.6,양품
LOT-2026-1252,2026-08-07 14:18:00,3호기,주간,132.2,118.5,1385.0,21.63,3.423,4.194,0.455,23.8,양품
LOT-2026-1252,2026-08-07 14:21:00,4호기,주간,131.5,115.8,1585.0,21.48,3.457,4.179,0.434,23.5,양품
LOT-2026-1252,2026-08-07 14:24:00,1호기,주간,128.9,118.6,1458.0,21.96,3.453,4.191,0.424,35.2,양품
LOT-2026-1252,2026-08-07 14:27:00,2호기,주간,132.4,114.6,1397.0,22.3,3.503,4.186,0.405,24.0,양품
LOT-2026-1252,2026-08-07 14:30:00,3호기,주간,130.5,117.6,1383.0,21.23,3.531,4.201,0.457,36.5,양품
LOT-2026-1252,2026-08-07 14:33:00,4호기,주간,132.8,123.3,1423.0,21.77,3.528,4.201,0.442,47.7,양품
LOT-2026-1252,2026-08-07 14:36:00,1호기,주간,131.8,120.2,1454.0,21.24,3.479,4.198,0.422,47.6,양품
LOT-2026-1252,2026-08-07 14:39:00,2호기,주간,130.8,116.4,1420.0,21.5,3.428,4.185,0.436,47.5,양품
LOT-2026-1252,2026-08-07 14:42:00,3호기,주간,129.6,117.8,1469.0,22.12,3.435,4.185,0.425,35.4,양품
LOT-2026-1252,2026-08-07 14:45:00,4호기,주간,133.6,117.6,1422.0,20.53,3.527,4.198,0.395,23.2,양품
LOT-2026-1252,2026-08-07 14:48:00,1호기,주간,127.9,120.1,1466.0,22.06,3.544,4.168,0.409,24.6,양품
LOT-2026-1252,2026-08-07 14:51:00,2호기,주간,131.2,119.2,1417.0,21.72,3.529,4.19,0.465,24.1,양품
LOT-2026-1252,2026-08-07 14:54:00,3호기,주간,130.2,116.2,1429.0,21.32,3.511,4.191,0.432,47.6,양품
LOT-2026-1252,2026-08-07 14:57:00,4호기,주간,127.7,115.1,1460.0,22.16,3.502,4.201,0.429,35.4,양품
LOT-2026-1252,2026-08-07 14:57:00,1호기,주간,132.5,124.0,1412.0,21.35,3.477,4.186,0.413,35.9,양품
LOT-2026-1252,2026-08-07 14:57:00,2호기,주간,128.9,114.8,1457.0,21.5,3.424,4.183,0.4,23.8,양품
LOT-2026-1252,2026-08-07 15:06:00,3호기,주간,130.8,115.1,1614.0,22.2,3.503,4.182,0.412,23.8,양품
LOT-2026-1252,2026-08-07 15:09:00,4호기,주간,129.0,115.2,1604.0,21.94,3.533,4.192,0.395,23.5,양품
LOT-2026-1252,2026-08-07 15:12:00,1호기,주간,132.3,118.6,1473.0,21.15,3.534,4.182,0.425,47.6,양품
LOT-2026-1252,2026-08-07 15:15:00,2호기,주간,130.3,117.0,1413.0,22.02,3.525,4.186,0.427,23.9,양품
LOT-2026-1252,2026-08-07 15:18:00,3호기,주간,132.4,118.9,1451.0,21.78,3.426,4.186,0.395,36.6,양품
LOT-2026-1252,2026-08-07 15:21:00,4호기,주간,131.8,117.0,1394.0,21.35,3.508,4.175,0.464,23.9,양품
LOT-2026-1252,2026-08-07 15:24:00,1호기,주간,133.5,118.6,1399.0,21.77,3.414,4.183,0.436,24.0,양품
LOT-2026-1252,2026-08-07 15:27:00,2호기,주간,130.1,116.6,1478.0,21.44,3.507,4.195,0.42,34.9,양품
LOT-2026-1252,2026-08-07 15:30:00,3호기,주간,135.0,116.5,1430.0,20.94,3.496,4.191,0.417,48.3,양품
LOT-2026-1252,2026-08-07 15:33:00,4호기,주간,130.5,119.2,1510.0,21.48,3.507,4.181,0.398,36.0,양품
LOT-2026-1252,2026-08-07 15:36:00,1호기,주간,132.1,116.0,1427.0,20.82,3.433,4.194,0.409,24.7,양품
LOT-2026-1252,2026-08-07 15:39:00,2호기,주간,130.3,121.5,1542.0,22.04,3.552,4.196,0.394,24.2,불량
LOT-2026-1252,2026-08-07 15:42:00,3호기,주간,131.2,118.0,1494.0,21.17,3.5,4.2,0.434,22.8,양품
LOT-2026-1252,2026-08-07 15:45:00,4호기,주간,132.6,116.0,1428.0,22.91,3.491,4.184,0.402,35.6,불량
LOT-2026-1252,2026-08-07 15:48:00,1호기,주간,128.6,115.2,1462.0,22.34,3.513,4.17,0.418,23.8,양품
LOT-2026-1252,2026-08-07 15:51:00,2호기,주간,129.0,116.9,1438.0,21.87,3.461,4.183,0.396,24.1,양품
LOT-2026-1252,2026-08-07 15:54:00,3호기,주간,132.7,118.1,1532.0,21.64,3.435,4.209,0.424,23.4,양품
LOT-2026-1252,2026-08-07 15:57:00,4호기,주간,133.0,117.1,1463.0,20.44,3.484,4.197,0.445,48.2,양품
LOT-2026-1253,2026-08-07 16:00:00,1호기,주간,134.2,111.5,1389.0,21.64,3.458,4.176,0.438,24.1,양품
LOT-2026-1253,2026-08-07 16:03:00,2호기,주간,129.5,117.4,1401.0,20.92,3.542,4.215,0.42,24.2,양품
LOT-2026-1253,2026-08-07 16:06:00,3호기,주간,133.2,119.6,1480.0,21.0,3.511,4.189,0.406,47.6,양품
LOT-2026-1253,2026-08-07 16:09:00,4호기,주간,131.2,117.9,1441.0,20.91,3.439,4.191,0.427,48.0,양품
LOT-2026-1253,2026-08-07 16:12:00,1호기,주간,128.0,114.2,1463.0,20.36,3.436,4.199,0.437,24.1,양품
LOT-2026-1253,2026-08-07 16:15:00,2호기,주간,133.1,116.9,1544.0,21.02,3.521,4.196,0.406,23.9,양품
LOT-2026-1253,2026-08-07 16:18:00,3호기,주간,129.6,118.2,1502.0,21.06,3.525,4.195,0.407,47.5,양품
LOT-2026-1253,2026-08-07 16:21:00,4호기,주간,131.2,119.6,1390.0,21.78,3.469,4.187,0.43,24.0,양품
LOT-2026-1253,2026-08-07 16:24:00,1호기,주간,129.3,115.6,1362.0,21.18,3.485,4.173,0.393,36.7,양품
LOT-2026-1253,2026-08-07 16:27:00,2호기,주간,133.2,116.0,1465.0,20.93,3.546,4.198,0.416,35.2,양품
LOT-2026-1253,2026-08-07 16:30:00,3호기,주간,129.5,116.0,1482.0,20.01,3.453,4.186,0.407,23.5,불량
LOT-2026-1253,2026-08-07 16:33:00,4호기,주간,132.9,118.0,1435.0,21.46,3.464,4.182,0.437,24.2,양품
LOT-2026-1253,2026-08-07 16:36:00,1호기,주간,131.0,115.1,1450.0,21.37,3.396,4.191,0.413,47.1,양품
LOT-2026-1253,2026-08-07 16:39:00,2호기,주간,130.7,115.5,1432.0,21.3,3.534,4.202,0.43,36.3,양품
LOT-2026-1253,2026-08-07 16:42:00,3호기,주간,130.2,114.3,1516.0,21.36,3.453,4.197,0.417,24.0,양품
LOT-2026-1253,2026-08-07 16:45:00,4호기,주간,129.6,115.7,1509.0,20.95,3.39,4.189,0.442,35.7,양품
LOT-2026-1253,2026-08-07 16:48:00,1호기,주간,127.4,117.2,1419.0,20.53,3.455,4.181,0.392,35.4,양품
LOT-2026-1253,2026-08-07 16:51:00,2호기,주간,131.7,119.3,1445.0,21.63,3.442,4.189,0.402,23.6,양품
LOT-2026-1253,2026-08-07 16:54:00,3호기,주간,133.1,116.7,1451.0,20.89,3.431,4.185,0.422,47.8,양품
LOT-2026-1253,2026-08-07 16:57:00,4호기,주간,127.9,121.6,1355.0,20.39,3.499,4.183,0.461,23.9,양품
LOT-2026-1253,2026-08-07 17:00:00,1호기,주간,131.6,114.9,1468.0,20.41,3.457,4.195,0.394,24.4,양품
LOT-2026-1253,2026-08-07 17:03:00,2호기,주간,131.3,121.3,1403.0,20.94,3.429,4.19,0.454,23.3,양품
LOT-2026-1253,2026-08-07 17:06:00,3호기,주간,132.8,121.3,1539.0,21.64,3.519,4.188,0.42,36.3,양품
LOT-2026-1253,2026-08-07 17:09:00,4호기,주간,133.1,117.7,1446.0,20.31,3.491,4.195,0.416,47.5,양품
LOT-2026-1253,2026-08-07 17:12:00,1호기,주간,131.1,117.6,1553.0,20.58,3.472,4.174,0.41,47.9,양품
LOT-2026-1253,2026-08-07 17:15:00,2호기,주간,133.2,119.1,1396.0,20.85,3.437,4.181,0.426,24.5,양품
LOT-2026-1253,2026-08-07 17:18:00,3호기,주간,130.4,117.8,1433.0,21.16,3.435,4.177,0.408,48.0,양품
LOT-2026-1253,2026-08-07 17:21:00,4호기,주간,132.0,116.1,1395.0,19.5,3.434,4.194,0.409,48.3,불량
LOT-2026-1253,2026-08-07 17:24:00,1호기,주간,132.9,113.5,1440.0,21.6,3.504,4.194,0.424,23.4,양품
LOT-2026-1253,2026-08-07 17:27:00,2호기,주간,129.9,118.1,1441.0,20.83,3.429,4.209,0.444,24.1,양품
LOT-2026-1253,2026-08-07 17:30:00,3호기,주간,133.7,121.5,1428.0,21.44,3.442,4.167,0.421,24.1,양품
LOT-2026-1253,2026-08-07 17:33:00,4호기,주간,130.0,112.4,1355.0,21.71,3.46,4.188,0.432,48.7,양품
LOT-2026-1253,2026-08-07 17:36:00,1호기,주간,131.9,118.5,1460.0,20.93,3.463,4.204,0.429,24.5,불량
LOT-2026-1253,2026-08-07 17:39:00,2호기,주간,130.9,119.1,1488.0,20.82,3.47,4.195,0.408,47.9,양품
LOT-2026-1253,2026-08-07 17:42:00,3호기,주간,131.2,116.3,1427.0,21.96,3.426,4.187,0.42,48.2,양품
LOT-2026-1253,2026-08-07 17:45:00,4호기,주간,127.9,120.7,1370.0,21.06,3.505,4.175,0.411,24.1,양품
LOT-2026-1253,2026-08-07 17:48:00,1호기,주간,131.5,114.7,1412.0,20.41,3.54,4.204,0.402,36.6,불량
LOT-2026-1253,2026-08-07 17:51:00,2호기,주간,131.5,121.7,1329.0,20.89,3.459,4.182,0.404,23.9,양품
LOT-2026-1253,2026-08-07 17:54:00,3호기,주간,130.3,119.5,1490.0,21.99,3.5,4.195,0.437,35.6,양품
LOT-2026-1253,2026-08-07 17:57:00,4호기,주간,127.6,117.0,1448.0,20.56,3.48,4.196,0.414,48.2,양품
LOT-2026-1254,2026-08-07 18:00:00,1호기,야간,134.9,124.2,1440.0,21.33,3.534,4.196,0.432,24.2,양품
LOT-2026-1254,2026-08-07 18:03:00,2호기,야간,129.0,114.1,1513.0,20.88,3.448,4.178,0.409,24.1,양품
LOT-2026-1254,2026-08-07 18:06:00,3호기,야간,132.7,117.9,1510.0,20.67,3.529,4.185,0.417,48.0,양품
LOT-2026-1254,2026-08-07 18:09:00,4호기,야간,131.0,117.8,1436.0,20.68,3.55,4.196,0.413,24.0,양품
LOT-2026-1254,2026-08-07 18:12:00,1호기,야간,135.9,117.6,1498.0,22.25,3.511,4.197,0.419,24.3,양품
LOT-2026-1254,2026-08-07 18:15:00,2호기,야간,128.5,122.3,1496.0,22.49,3.494,4.186,0.389,47.6,양품
LOT-2026-1254,2026-08-07 18:18:00,3호기,야간,128.0,118.9,1614.0,22.31,3.54,4.185,0.398,23.8,불량
LOT-2026-1254,2026-08-07 18:21:00,4호기,야간,129.2,120.2,1458.0,20.34,3.508,4.176,0.424,36.2,불량
LOT-2026-1254,2026-08-07 18:24:00,1호기,야간,129.1,117.2,1420.0,21.77,3.47,4.187,0.439,35.6,양품
LOT-2026-1254,2026-08-07 18:27:00,2호기,야간,131.4,118.4,1574.0,21.29,3.515,4.193,0.412,24.1,양품
LOT-2026-1254,2026-08-07 18:30:00,3호기,야간,130.3,120.3,1381.0,21.14,3.479,4.176,0.417,36.3,양품
LOT-2026-1254,2026-08-07 18:33:00,4호기,야간,129.0,107.9,1455.0,21.56,3.464,4.167,0.397,24.7,양품
LOT-2026-1254,2026-08-07 18:36:00,1호기,야간,130.9,118.0,1463.0,22.63,3.472,4.197,0.42,24.1,불량
LOT-2026-1254,2026-08-07 18:39:00,2호기,야간,129.1,121.3,1344.0,21.06,3.518,4.187,0.398,35.9,양품
LOT-2026-1254,2026-08-07 18:42:00,3호기,야간,134.3,117.1,1437.0,21.51,3.489,4.2,0.412,23.7,양품
LOT-2026-1254,2026-08-07 18:45:00,4호기,야간,131.8,119.9,1404.0,21.61,3.523,4.198,0.432,23.7,양품
LOT-2026-1254,2026-08-07 18:48:00,1호기,야간,128.2,120.9,1392.0,20.65,3.504,4.178,0.436,24.4,양품
LOT-2026-1254,2026-08-07 18:51:00,2호기,야간,132.1,114.0,1456.0,22.0,3.454,4.191,0.399,47.4,양품
LOT-2026-1254,2026-08-07 18:54:00,3호기,야간,131.1,121.3,1548.0,22.83,3.545,4.195,0.455,48.1,불량
LOT-2026-1254,2026-08-07 18:57:00,4호기,야간,129.6,119.7,1441.0,21.83,3.481,4.178,0.402,24.0,불량
LOT-2026-1254,2026-08-07 19:00:00,1호기,야간,131.2,118.7,1531.0,22.03,3.497,4.188,0.443,23.6,양품
LOT-2026-1254,2026-08-07 19:03:00,2호기,야간,130.6,113.3,1492.0,22.72,3.512,4.176,0.432,35.6,불량
LOT-2026-1254,2026-08-07 19:06:00,3호기,야간,130.5,116.8,1560.0,21.58,3.489,4.189,0.363,23.8,양품
LOT-2026-1254,2026-08-07 19:09:00,4호기,야간,130.4,114.7,1503.0,21.98,3.433,4.197,0.425,23.3,양품
LOT-2026-1254,2026-08-07 19:12:00,1호기,야간,132.0,115.0,1392.0,21.95,3.506,4.181,0.447,24.0,양품
LOT-2026-1254,2026-08-07 19:15:00,2호기,야간,130.7,121.0,1503.0,20.63,3.548,4.195,0.399,24.2,양품
LOT-2026-1254,2026-08-07 19:18:00,3호기,야간,132.1,114.3,1331.0,21.67,3.508,4.193,0.414,23.5,양품
LOT-2026-1254,2026-08-07 19:21:00,4호기,야간,131.6,115.8,1366.0,22.61,3.461,4.182,0.44,35.3,불량
LOT-2026-1254,2026-08-07 19:24:00,1호기,야간,129.7,121.0,1389.0,21.76,3.501,4.189,0.392,48.1,양품
LOT-2026-1254,2026-08-07 19:27:00,2호기,야간,130.6,116.7,1517.0,22.43,3.418,4.179,0.405,47.7,불량
LOT-2026-1254,2026-08-07 19:30:00,3호기,야간,130.7,115.9,1494.0,21.86,3.54,4.186,0.434,35.3,양품
LOT-2026-1254,2026-08-07 19:33:00,4호기,야간,126.5,118.1,1423.0,20.48,3.544,4.19,0.419,23.7,불량
LOT-2026-1254,2026-08-07 19:36:00,1호기,야간,133.0,117.1,1493.0,21.48,3.477,4.222,0.443,47.8,양품
LOT-2026-1254,2026-08-07 19:39:00,2호기,야간,130.5,116.9,1489.0,20.55,3.541,4.18,0.427,23.7,양품
LOT-2026-1254,2026-08-07 19:42:00,3호기,야간,131.0,117.4,1379.0,21.79,3.508,4.199,0.402,35.9,양품
LOT-2026-1254,2026-08-07 19:45:00,4호기,야간,131.4,115.9,1449.0,21.23,3.458,4.198,0.445,24.1,양품
LOT-2026-1254,2026-08-07 19:48:00,1호기,야간,128.6,115.6,1410.0,20.45,3.476,4.184,0.409,48.5,양품
LOT-2026-1254,2026-08-07 19:51:00,2호기,야간,131.5,116.8,1273.0,21.14,3.482,4.187,0.452,36.0,양품
LOT-2026-1254,2026-08-07 19:54:00,3호기,야간,132.3,118.3,1501.0,21.53,3.473,4.19,0.411,24.9,양품
LOT-2026-1254,2026-08-07 19:57:00,4호기,야간,130.0,115.8,1479.0,19.96,3.492,4.174,0.41,24.0,불량
LOT-2026-1255,2026-08-07 20:00:00,1호기,야간,128.0,119.1,1372.0,21.24,3.486,4.196,0.404,47.5,양품
LOT-2026-1255,2026-08-07 20:03:00,2호기,야간,129.8,120.1,1507.0,20.29,3.456,4.198,0.423,23.7,양품
LOT-2026-1255,2026-08-07 20:06:00,3호기,야간,132.0,116.7,1496.0,21.46,3.507,4.204,0.421,23.9,양품
LOT-2026-1255,2026-08-07 20:09:00,4호기,야간,129.7,118.6,1454.0,20.85,3.455,4.187,0.443,24.1,양품
LOT-2026-1255,2026-08-07 20:12:00,1호기,야간,130.6,117.8,1435.0,21.31,3.526,4.192,0.395,35.7,양품
LOT-2026-1255,2026-08-07 20:15:00,2호기,야간,132.9,116.8,1461.0,21.02,3.557,4.198,0.39,36.0,양품
LOT-2026-1255,2026-08-07 20:18:00,3호기,야간,129.3,116.8,1500.0,20.43,3.507,4.192,0.406,23.6,양품
LOT-2026-1255,2026-08-07 20:21:00,4호기,야간,130.9,116.7,1505.0,20.71,3.513,4.19,0.419,48.6,양품
LOT-2026-1255,2026-08-07 20:24:00,1호기,야간,131.2,118.4,1345.0,21.22,3.448,4.197,0.444,24.8,양품
LOT-2026-1255,2026-08-07 20:27:00,2호기,야간,127.3,117.1,1479.0,21.25,3.516,4.184,0.435,23.7,양품
LOT-2026-1255,2026-08-07 20:30:00,3호기,야간,132.0,117.1,1468.0,20.65,3.424,4.185,0.384,24.5,양품
LOT-2026-1255,2026-08-07 20:33:00,4호기,야간,129.7,116.7,1483.0,20.94,3.564,4.193,0.414,47.9,양품
LOT-2026-1255,2026-08-07 20:36:00,1호기,야간,133.2,121.1,1337.0,21.59,3.482,4.184,0.42,35.6,양품
LOT-2026-1255,2026-08-07 20:39:00,2호기,야간,135.7,119.3,1444.0,20.8,3.461,4.189,0.409,48.0,양품
LOT-2026-1255,2026-08-07 20:42:00,3호기,야간,131.9,117.6,1436.0,20.72,3.474,4.194,0.454,36.9,양품
LOT-2026-1255,2026-08-07 20:45:00,4호기,야간,129.1,116.6,1448.0,21.07,3.494,4.19,0.409,47.1,양품
LOT-2026-1255,2026-08-07 20:48:00,1호기,야간,128.2,118.3,1356.0,21.55,3.435,4.201,0.427,35.8,양품
LOT-2026-1255,2026-08-07 20:51:00,2호기,야간,134.0,118.6,1505.0,22.78,3.474,4.201,0.412,22.9,불량
LOT-2026-1255,2026-08-07 20:54:00,3호기,야간,129.0,121.1,1396.0,20.92,3.468,4.191,0.41,36.2,양품
LOT-2026-1255,2026-08-07 20:57:00,4호기,야간,129.8,115.8,1444.0,20.2,3.432,4.166,0.403,24.3,불량
LOT-2026-1255,2026-08-07 21:00:00,1호기,야간,131.8,114.1,1614.0,21.97,3.502,4.194,0.42,23.4,양품
LOT-2026-1255,2026-08-07 21:03:00,2호기,야간,130.1,112.8,1454.0,20.5,3.467,4.198,0.456,35.2,양품
LOT-2026-1255,2026-08-07 21:06:00,3호기,야간,131.5,118.5,1381.0,20.92,3.47,4.177,0.431,48.0,양품
LOT-2026-1255,2026-08-07 21:09:00,4호기,야간,129.5,115.1,1454.0,21.32,3.351,4.223,0.405,24.9,양품
LOT-2026-1255,2026-08-07 21:12:00,1호기,야간,131.7,119.9,1402.0,20.66,3.506,4.194,0.404,36.0,양품
LOT-2026-1255,2026-08-07 21:15:00,2호기,야간,131.0,114.4,1432.0,20.66,3.517,4.2,0.416,23.3,양품
LOT-2026-1255,2026-08-07 21:18:00,3호기,야간,132.6,116.9,1442.0,20.96,3.487,4.196,0.428,48.4,양품
LOT-2026-1255,2026-08-07 21:21:00,4호기,야간,130.1,117.6,1484.0,20.45,3.487,4.184,0.409,24.0,양품
LOT-2026-1255,2026-08-07 21:24:00,1호기,야간,131.9,119.7,1388.0,21.57,3.545,4.19,0.421,35.2,양품
LOT-2026-1255,2026-08-07 21:27:00,2호기,야간,131.3,117.2,1492.0,20.86,3.48,4.18,0.395,23.7,양품
LOT-2026-1255,2026-08-07 21:30:00,3호기,야간,133.5,122.6,1507.0,21.08,3.458,4.197,0.402,48.0,양품
LOT-2026-1255,2026-08-07 21:33:00,4호기,야간,131.7,116.4,1448.0,21.09,3.431,4.185,0.418,48.0,양품
LOT-2026-1255,2026-08-07 21:36:00,1호기,야간,130.1,129.2,1495.0,20.72,3.472,4.191,0.425,47.6,양품
LOT-2026-1255,2026-08-07 21:39:00,2호기,야간,130.6,116.8,1452.0,21.03,3.493,4.185,0.405,23.7,양품
LOT-2026-1255,2026-08-07 21:42:00,3호기,야간,132.9,120.2,1556.0,21.14,3.456,4.206,0.421,48.8,양품
LOT-2026-1255,2026-08-07 21:45:00,4호기,야간,131.1,118.1,1412.0,20.73,3.484,4.179,0.41,48.5,양품
LOT-2026-1255,2026-08-07 21:48:00,1호기,야간,126.6,118.5,1430.0,20.9,3.494,4.188,0.425,47.9,양품
LOT-2026-1255,2026-08-07 21:51:00,2호기,야간,128.1,118.6,1481.0,20.5,3.46,4.191,0.399,48.1,양품
LOT-2026-1255,2026-08-07 21:54:00,3호기,야간,129.0,116.6,1466.0,20.96,3.466,4.192,0.42,23.5,양품
LOT-2026-1255,2026-08-07 21:57:00,4호기,야간,130.0,116.5,1477.0,20.38,3.492,4.19,0.445,23.6,양품
LOT-2026-1256,2026-08-07 22:00:00,1호기,야간,130.8,116.5,1465.0,20.69,3.478,4.189,0.444,24.3,양품
LOT-2026-1256,2026-08-07 22:03:00,2호기,야간,129.7,117.5,1394.0,20.17,3.54,4.185,0.381,48.3,불량
LOT-2026-1256,2026-08-07 22:06:00,3호기,야간,132.2,117.2,1497.0,21.38,3.482,4.174,0.438,47.7,양품
LOT-2026-1256,2026-08-07 22:09:00,4호기,야간,133.5,119.3,1318.0,20.3,3.446,4.196,0.419,34.8,양품
LOT-2026-1256,2026-08-07 22:12:00,1호기,야간,128.1,114.8,1469.0,20.54,3.497,4.186,0.445,35.4,양품
LOT-2026-1256,2026-08-07 22:15:00,2호기,야간,130.5,116.8,1602.0,21.26,3.473,4.181,0.427,23.9,양품
LOT-2026-1256,2026-08-07 22:18:00,3호기,야간,130.9,116.1,1464.0,21.12,3.475,4.189,0.394,47.9,양품
LOT-2026-1256,2026-08-07 22:21:00,4호기,야간,129.3,117.5,1470.0,20.17,3.521,4.179,0.411,35.9,불량
LOT-2026-1256,2026-08-07 22:24:00,1호기,야간,128.3,119.6,1451.0,21.48,3.551,4.199,0.425,47.5,양품
LOT-2026-1256,2026-08-07 22:27:00,2호기,야간,133.4,120.7,1331.0,21.08,3.451,4.198,0.416,47.9,양품
LOT-2026-1256,2026-08-07 22:30:00,3호기,야간,128.2,117.1,1573.0,19.9,3.458,4.158,0.438,36.8,불량
LOT-2026-1256,2026-08-07 22:33:00,4호기,야간,128.7,118.8,1340.0,21.73,3.466,4.198,0.433,22.9,양품
LOT-2026-1256,2026-08-07 22:36:00,1호기,야간,130.9,113.6,1472.0,20.63,3.458,4.193,0.415,47.8,양품
LOT-2026-1256,2026-08-07 22:39:00,2호기,야간,129.6,118.5,1459.0,20.62,3.408,4.185,0.396,24.4,양품
LOT-2026-1256,2026-08-07 22:42:00,3호기,야간,129.7,119.7,1408.0,21.15,3.521,4.192,0.411,48.0,양품
LOT-2026-1256,2026-08-07 22:45:00,4호기,야간,130.8,119.7,1447.0,21.46,3.415,4.181,0.438,48.2,양품
LOT-2026-1256,2026-08-07 22:48:00,1호기,야간,131.4,119.5,1428.0,21.22,3.492,4.194,0.422,23.4,양품
LOT-2026-1256,2026-08-07 22:51:00,2호기,야간,129.3,117.6,1472.0,21.8,3.537,4.205,0.417,24.0,양품
LOT-2026-1256,2026-08-07 22:54:00,3호기,야간,132.2,118.4,1482.0,20.23,3.398,4.174,0.401,24.4,불량
LOT-2026-1256,2026-08-07 22:57:00,4호기,야간,131.7,118.5,1435.0,20.73,3.541,4.2,0.424,23.8,양품
LOT-2026-1256,2026-08-07 23:00:00,1호기,야간,130.9,117.7,1423.0,21.88,3.549,4.189,0.415,24.0,양품
LOT-2026-1256,2026-08-07 23:03:00,2호기,야간,132.1,114.9,1399.0,20.89,3.451,4.195,0.433,23.4,양품
LOT-2026-1256,2026-08-07 23:06:00,3호기,야간,130.8,118.3,1419.0,21.05,3.437,4.191,0.446,35.3,양품
LOT-2026-1256,2026-08-07 23:09:00,4호기,야간,132.3,117.6,1237.0,19.91,3.507,4.178,0.442,48.6,불량
LOT-2026-1256,2026-08-07 23:12:00,1호기,야간,132.6,118.6,1405.0,21.32,3.498,4.188,0.432,23.7,양품
LOT-2026-1256,2026-08-07 23:15:00,2호기,야간,129.8,119.6,1482.0,20.88,3.507,4.18,0.381,47.5,양품
LOT-2026-1256,2026-08-07 23:18:00,3호기,야간,130.0,115.8,1529.0,21.25,3.46,4.187,0.399,35.5,양품
LOT-2026-1256,2026-08-07 23:21:00,4호기,야간,129.3,106.3,1466.0,20.43,3.506,4.191,0.415,24.2,양품
LOT-2026-1256,2026-08-07 23:24:00,1호기,야간,131.4,115.9,1397.0,19.86,3.499,4.193,0.397,35.2,불량
LOT-2026-1256,2026-08-07 23:27:00,2호기,야간,130.9,114.6,1416.0,20.74,3.467,4.183,0.383,35.9,양품
LOT-2026-1256,2026-08-07 23:30:00,3호기,야간,134.2,122.4,1344.0,21.11,3.494,4.189,0.425,24.3,양품
LOT-2026-1256,2026-08-07 23:33:00,4호기,야간,130.5,121.6,1360.0,21.03,3.48,4.195,0.428,23.6,양품
LOT-2026-1256,2026-08-07 23:36:00,1호기,야간,131.1,118.4,1446.0,21.19,3.477,4.187,0.427,48.0,양품
LOT-2026-1256,2026-08-07 23:39:00,2호기,야간,130.8,116.6,1465.0,20.72,3.468,4.193,0.395,48.2,양품
LOT-2026-1256,2026-08-07 23:42:00,3호기,야간,132.5,115.5,1429.0,20.88,3.405,4.219,0.42,48.0,양품
LOT-2026-1256,2026-08-07 23:45:00,4호기,야간,129.3,118.3,1460.0,21.23,3.516,4.174,0.446,47.6,양품
LOT-2026-1256,2026-08-07 23:48:00,1호기,야간,131.4,115.9,1535.0,20.71,3.354,4.192,0.424,36.2,불량
LOT-2026-1256,2026-08-07 23:51:00,2호기,야간,129.1,117.2,1445.0,21.29,3.468,4.166,0.412,36.2,양품
LOT-2026-1256,2026-08-07 23:54:00,3호기,야간,132.5,118.8,1463.0,21.22,3.383,4.199,0.41,35.7,양품
LOT-2026-1256,2026-08-07 23:57:00,4호기,야간,134.3,118.4,1417.0,21.38,3.435,4.184,0.42,24.3,양품
LOT-2026-1257,2026-08-08 00:00:00,1호기,야간,132.2,113.0,1378.0,21.42,3.547,4.192,0.424,24.4,양품
LOT-2026-1257,2026-08-08 00:03:00,2호기,야간,130.4,118.7,1421.0,20.85,3.409,4.198,0.401,35.5,양품
LOT-2026-1257,2026-08-08 00:06:00,3호기,야간,130.3,116.6,1476.0,21.54,3.46,4.181,0.432,24.1,양품
LOT-2026-1257,2026-08-08 00:09:00,4호기,야간,128.7,118.6,1447.0,22.07,3.501,4.18,0.424,23.9,양품
LOT-2026-1257,2026-08-08 00:12:00,1호기,야간,129.5,120.0,1425.0,22.62,3.446,4.189,0.425,48.3,불량
LOT-2026-1257,2026-08-08 00:15:00,2호기,야간,129.7,117.1,1469.0,20.53,3.469,4.194,0.428,23.9,양품
LOT-2026-1257,2026-08-08 00:18:00,3호기,야간,129.8,115.9,1462.0,20.47,3.454,4.183,0.412,23.8,양품
LOT-2026-1257,2026-08-08 00:21:00,4호기,야간,129.9,115.7,1385.0,20.73,3.522,4.196,0.429,23.8,양품
LOT-2026-1257,2026-08-08 00:24:00,1호기,야간,129.0,117.4,1481.0,22.04,3.398,4.19,0.399,23.9,불량
LOT-2026-1257,2026-08-08 00:27:00,2호기,야간,132.5,119.5,1528.0,21.04,3.498,4.209,0.444,23.8,양품
LOT-2026-1257,2026-08-08 00:30:00,3호기,야간,131.1,116.7,1392.0,20.75,3.481,4.196,0.402,23.8,양품
LOT-2026-1257,2026-08-08 00:33:00,4호기,야간,132.8,120.0,1429.0,21.25,3.452,4.177,0.458,24.7,양품
LOT-2026-1257,2026-08-08 00:36:00,1호기,야간,129.4,121.4,1502.0,21.06,3.47,4.181,0.44,36.5,양품
LOT-2026-1257,2026-08-08 00:39:00,2호기,야간,132.4,123.0,1443.0,20.89,3.507,4.181,0.413,24.1,양품
LOT-2026-1257,2026-08-08 00:42:00,3호기,야간,131.0,113.9,1418.0,21.35,3.456,4.197,0.432,48.1,양품
LOT-2026-1257,2026-08-08 00:45:00,4호기,야간,131.3,114.9,1417.0,21.11,3.426,4.199,0.406,47.9,양품
LOT-2026-1257,2026-08-08 00:48:00,1호기,야간,131.1,116.7,1457.0,19.8,3.514,4.179,0.408,23.5,불량
LOT-2026-1257,2026-08-08 00:51:00,2호기,야간,131.8,112.8,1450.0,20.05,3.532,4.187,0.415,36.0,불량
LOT-2026-1257,2026-08-08 00:54:00,3호기,야간,133.1,109.7,1415.0,22.1,3.464,4.203,0.414,24.1,양품
LOT-2026-1257,2026-08-08 00:57:00,4호기,야간,129.6,116.6,1452.0,22.48,3.504,4.181,0.438,24.8,불량
LOT-2026-1257,2026-08-08 01:00:00,1호기,야간,130.0,116.5,1385.0,21.8,3.413,4.2,0.394,48.4,양품
LOT-2026-1257,2026-08-08 01:03:00,2호기,야간,130.0,119.7,1499.0,22.2,3.558,4.199,0.415,35.8,불량
LOT-2026-1257,2026-08-08 01:06:00,3호기,야간,130.5,116.9,1438.0,22.09,3.435,4.205,0.399,48.3,양품
LOT-2026-1257,2026-08-08 01:09:00,4호기,야간,129.0,115.5,1419.0,21.86,3.458,4.195,0.449,24.1,양품
LOT-2026-1257,2026-08-08 01:12:00,1호기,야간,132.4,108.7,1520.0,21.35,3.483,4.19,0.416,47.0,양품
LOT-2026-1257,2026-08-08 01:15:00,2호기,야간,127.1,111.0,1460.0,21.97,3.444,4.181,0.42,24.9,양품
LOT-2026-1257,2026-08-08 01:18:00,3호기,야간,133.7,117.5,1544.0,21.4,3.459,4.187,0.413,23.0,양품
LOT-2026-1257,2026-08-08 01:21:00,4호기,야간,132.6,118.7,1448.0,21.92,3.479,4.193,0.42,23.9,양품
LOT-2026-1257,2026-08-08 01:24:00,1호기,야간,128.0,114.8,1446.0,21.1,3.485,4.196,0.428,35.7,불량
LOT-2026-1257,2026-08-08 01:27:00,2호기,야간,130.4,116.0,1510.0,21.63,3.458,4.196,0.41,48.4,양품
LOT-2026-1257,2026-08-08 01:30:00,3호기,야간,129.6,118.1,1432.0,20.39,3.427,4.197,0.428,23.8,불량
LOT-2026-1257,2026-08-08 01:33:00,4호기,야간,129.7,111.9,1374.0,21.56,3.501,4.191,0.434,48.5,양품
LOT-2026-1257,2026-08-08 01:36:00,1호기,야간,130.4,116.9,1475.0,20.73,3.471,4.181,0.426,36.3,불량
LOT-2026-1257,2026-08-08 01:39:00,2호기,야간,130.8,118.0,1472.0,21.32,3.516,4.189,0.441,47.4,양품
LOT-2026-1257,2026-08-08 01:42:00,3호기,야간,134.2,118.3,1424.0,20.46,3.496,4.201,0.416,24.8,양품
LOT-2026-1257,2026-08-08 01:45:00,4호기,야간,130.1,117.7,1495.0,21.95,3.473,4.187,0.403,23.2,양품
LOT-2026-1257,2026-08-08 01:48:00,1호기,야간,132.7,120.2,1428.0,21.82,3.434,4.199,0.372,24.1,양품
LOT-2026-1257,2026-08-08 01:51:00,2호기,야간,130.3,115.5,1517.0,21.24,3.517,4.189,0.416,23.6,양품
LOT-2026-1257,2026-08-08 01:54:00,3호기,야간,132.4,117.3,1492.0,21.83,3.512,4.202,0.393,35.9,양품
LOT-2026-1257,2026-08-08 01:57:00,4호기,야간,132.4,120.0,1439.0,20.56,3.495,4.185,0.435,47.6,양품
LOT-2026-1258,2026-08-08 02:00:00,1호기,야간,130.4,117.2,1501.0,22.68,3.481,4.192,0.452,36.4,불량
LOT-2026-1258,2026-08-08 02:03:00,2호기,야간,129.8,117.6,1441.0,20.86,3.518,4.173,0.412,24.3,양품
LOT-2026-1258,2026-08-08 02:06:00,3호기,야간,132.0,116.6,1430.0,21.97,3.444,4.179,0.436,47.9,양품
LOT-2026-1258,2026-08-08 02:09:00,4호기,야간,131.0,115.0,1486.0,20.88,3.452,4.196,0.425,36.3,양품
LOT-2026-1258,2026-08-08 02:12:00,1호기,야간,130.3,115.4,1553.0,21.71,3.502,4.184,0.431,24.5,양품
LOT-2026-1258,2026-08-08 02:15:00,2호기,야간,130.9,118.9,1417.0,20.99,3.558,4.192,0.407,36.1,양품
LOT-2026-1258,2026-08-08 02:18:00,3호기,야간,131.1,115.0,1422.0,21.75,3.558,4.196,0.421,24.5,양품
LOT-2026-1258,2026-08-08 02:21:00,4호기,야간,132.6,113.9,1427.0,22.44,3.511,4.192,0.401,23.1,불량
LOT-2026-1258,2026-08-08 02:24:00,1호기,야간,131.5,119.8,1432.0,21.7,3.477,4.195,0.394,24.2,양품
LOT-2026-1258,2026-08-08 02:27:00,2호기,야간,133.4,118.8,1404.0,22.27,3.423,4.195,0.411,24.2,불량
LOT-2026-1258,2026-08-08 02:30:00,3호기,야간,131.2,113.4,1394.0,20.71,3.534,4.2,0.398,23.5,양품
LOT-2026-1258,2026-08-08 02:33:00,4호기,야간,131.5,117.6,1482.0,21.55,3.458,4.205,0.407,35.9,양품
LOT-2026-1258,2026-08-08 02:36:00,1호기,야간,131.9,116.6,1573.0,21.34,3.51,4.183,0.408,47.6,양품
LOT-2026-1258,2026-08-08 02:39:00,2호기,야간,126.9,112.8,1369.0,21.92,3.613,4.189,0.401,24.5,불량
LOT-2026-1258,2026-08-08 02:42:00,3호기,야간,129.3,118.2,1434.0,21.22,3.501,4.195,0.416,23.5,양품
LOT-2026-1258,2026-08-08 02:45:00,4호기,야간,129.7,117.6,1474.0,22.5,3.458,4.199,0.431,36.0,불량
LOT-2026-1258,2026-08-08 02:48:00,1호기,야간,133.9,119.5,1392.0,22.21,3.492,4.204,0.421,23.8,양품
LOT-2026-1258,2026-08-08 02:51:00,2호기,야간,129.3,117.6,1576.0,22.2,3.474,4.191,0.428,24.0,양품
LOT-2026-1258,2026-08-08 02:54:00,3호기,야간,130.0,115.7,1399.0,21.69,3.504,4.197,0.44,23.6,불량
LOT-2026-1258,2026-08-08 02:57:00,4호기,야간,128.8,112.7,1407.0,21.41,3.478,4.18,0.4,35.8,양품
LOT-2026-1258,2026-08-08 03:00:00,1호기,야간,131.7,113.9,1481.0,21.19,3.446,4.191,0.447,24.1,양품
LOT-2026-1258,2026-08-08 03:03:00,2호기,야간,132.3,120.5,1396.0,22.01,3.455,4.213,0.429,24.1,양품
LOT-2026-1258,2026-08-08 03:06:00,3호기,야간,129.6,118.3,1367.0,20.82,3.525,4.197,0.426,24.0,양품
LOT-2026-1258,2026-08-08 03:09:00,4호기,야간,134.2,118.0,1453.0,20.89,3.532,4.182,0.419,36.4,양품
LOT-2026-1258,2026-08-08 03:12:00,1호기,야간,131.2,117.7,1396.0,21.84,3.437,4.188,0.392,23.8,양품
LOT-2026-1258,2026-08-08 03:15:00,2호기,야간,130.7,116.1,1466.0,22.08,3.444,4.198,0.399,23.4,양품
LOT-2026-1258,2026-08-08 03:18:00,3호기,야간,130.3,116.4,1461.0,21.47,3.502,4.181,0.42,47.5,양품
LOT-2026-1258,2026-08-08 03:21:00,4호기,야간,130.0,117.3,1509.0,21.49,3.476,4.193,0.403,36.5,양품
LOT-2026-1258,2026-08-08 03:24:00,1호기,야간,130.1,117.3,1451.0,21.09,3.433,4.219,0.41,24.4,양품
LOT-2026-1258,2026-08-08 03:27:00,2호기,야간,131.7,119.4,1493.0,21.99,3.513,4.2,0.427,48.7,양품
LOT-2026-1258,2026-08-08 03:30:00,3호기,야간,130.6,118.6,1531.0,21.91,3.559,4.195,0.419,23.4,양품
LOT-2026-1258,2026-08-08 03:33:00,4호기,야간,130.7,113.9,1389.0,21.22,3.472,4.189,0.458,36.0,양품
LOT-2026-1258,2026-08-08 03:36:00,1호기,야간,133.6,115.8,1435.0,20.95,3.55,4.196,0.416,24.1,양품
LOT-2026-1258,2026-08-08 03:39:00,2호기,야간,130.3,117.8,1460.0,20.98,3.455,4.188,0.407,34.9,양품
LOT-2026-1258,2026-08-08 03:42:00,3호기,야간,129.5,116.4,1460.0,21.21,3.427,4.192,0.392,24.1,양품
LOT-2026-1258,2026-08-08 03:45:00,4호기,야간,132.1,119.1,1462.0,20.29,3.512,4.191,0.427,24.6,양품
LOT-2026-1258,2026-08-08 03:48:00,1호기,야간,130.0,116.7,1432.0,21.61,3.527,4.175,0.423,48.2,양품
LOT-2026-1258,2026-08-08 03:51:00,2호기,야간,131.3,116.5,1505.0,22.05,3.532,4.192,0.417,23.4,양품
LOT-2026-1258,2026-08-08 03:54:00,3호기,야간,131.8,120.4,1436.0,21.4,3.483,4.188,0.406,24.4,양품
LOT-2026-1258,2026-08-08 03:57:00,4호기,야간,131.7,116.0,1531.0,21.52,3.48,4.212,0.413,35.8,양품
LOT-2026-1259,2026-08-08 04:00:00,1호기,야간,132.7,116.1,1459.0,21.41,3.418,4.197,0.407,24.5,불량
LOT-2026-1259,2026-08-08 04:03:00,2호기,야간,129.6,115.9,1502.0,21.67,3.52,4.197,0.398,48.9,양품
LOT-2026-1259,2026-08-08 04:06:00,3호기,야간,131.5,118.0,1576.0,22.41,3.481,4.187,0.429,36.3,양품
LOT-2026-1259,2026-08-08 04:09:00,4호기,야간,129.5,113.0,1401.0,21.09,3.471,4.179,0.454,24.6,양품
LOT-2026-1259,2026-08-08 04:12:00,1호기,야간,129.3,116.2,1488.0,20.85,3.414,4.191,0.429,36.0,양품
LOT-2026-1259,2026-08-08 04:15:00,2호기,야간,129.8,117.1,1474.0,21.66,3.465,4.191,0.39,48.3,양품
LOT-2026-1259,2026-08-08 04:18:00,3호기,야간,133.9,118.3,1414.0,21.92,3.539,4.198,0.406,35.8,양품
LOT-2026-1259,2026-08-08 04:21:00,4호기,야간,131.9,118.9,1436.0,21.97,3.498,4.17,0.417,23.7,양품
LOT-2026-1259,2026-08-08 04:24:00,1호기,야간,131.8,114.1,1423.0,21.98,3.393,4.173,0.442,23.6,불량
LOT-2026-1259,2026-08-08 04:27:00,2호기,야간,132.7,119.0,1474.0,22.48,3.475,4.191,0.413,23.5,양품
LOT-2026-1259,2026-08-08 04:30:00,3호기,야간,128.4,115.2,1405.0,21.88,3.517,4.193,0.42,24.0,불량
LOT-2026-1259,2026-08-08 04:33:00,4호기,야간,130.4,115.0,1531.0,21.23,3.459,4.182,0.438,23.4,양품
LOT-2026-1259,2026-08-08 04:36:00,1호기,야간,129.1,118.8,1596.0,21.69,3.511,4.206,0.404,36.9,양품
LOT-2026-1259,2026-08-08 04:39:00,2호기,야간,133.2,118.5,1364.0,21.34,3.51,4.179,0.405,23.8,양품
LOT-2026-1259,2026-08-08 04:42:00,3호기,야간,130.0,114.8,1461.0,21.69,3.526,4.184,0.393,36.9,양품
LOT-2026-1259,2026-08-08 04:45:00,4호기,야간,133.0,117.3,1389.0,20.89,3.517,4.194,0.407,48.1,양품
LOT-2026-1259,2026-08-08 04:48:00,1호기,야간,129.4,114.8,1518.0,21.56,3.556,4.183,0.431,24.9,양품
LOT-2026-1259,2026-08-08 04:51:00,2호기,야간,129.1,116.2,1467.0,21.81,3.44,4.177,0.391,48.4,양품
LOT-2026-1259,2026-08-08 04:54:00,3호기,야간,129.6,116.0,1432.0,21.59,3.399,4.2,0.422,48.0,양품
LOT-2026-1259,2026-08-08 04:57:00,4호기,야간,132.0,121.1,1442.0,22.45,3.468,4.198,0.418,47.8,양품
LOT-2026-1259,2026-08-08 05:00:00,1호기,야간,136.5,116.8,1416.0,21.06,3.509,4.186,0.415,36.0,양품
LOT-2026-1259,2026-08-08 05:03:00,2호기,야간,126.4,113.4,1450.0,21.2,3.497,4.189,0.421,24.1,양품
LOT-2026-1259,2026-08-08 05:06:00,3호기,야간,127.9,115.6,1418.0,20.98,3.527,4.213,0.419,23.8,양품
LOT-2026-1259,2026-08-08 05:09:00,4호기,야간,132.1,117.4,1504.0,22.45,3.538,4.184,0.414,23.3,불량
LOT-2026-1259,2026-08-08 05:12:00,1호기,야간,129.7,118.5,1498.0,21.56,3.514,4.179,0.429,23.4,불량
LOT-2026-1259,2026-08-08 05:15:00,2호기,야간,130.3,119.5,1476.0,22.08,3.453,4.184,0.426,47.9,양품
LOT-2026-1259,2026-08-08 05:18:00,3호기,야간,130.1,118.9,1445.0,21.93,3.504,4.184,0.437,23.7,양품
LOT-2026-1259,2026-08-08 05:21:00,4호기,야간,129.4,118.0,1498.0,21.62,3.521,4.192,0.424,35.7,양품
LOT-2026-1259,2026-08-08 05:24:00,1호기,야간,129.7,116.4,1546.0,20.78,3.501,4.182,0.423,24.3,양품
LOT-2026-1259,2026-08-08 05:27:00,2호기,야간,131.1,114.7,1372.0,22.32,3.421,4.175,0.434,36.6,불량
LOT-2026-1259,2026-08-08 05:30:00,3호기,야간,130.7,119.1,1439.0,21.08,3.516,4.188,0.413,23.5,양품
LOT-2026-1259,2026-08-08 05:33:00,4호기,야간,131.3,121.3,1498.0,22.49,3.475,4.193,0.432,35.9,양품
LOT-2026-1259,2026-08-08 05:36:00,1호기,야간,130.4,118.7,1474.0,21.34,3.476,4.175,0.431,36.3,양품
LOT-2026-1259,2026-08-08 05:39:00,2호기,야간,129.8,116.5,1386.0,21.89,3.461,4.191,0.422,47.8,양품
LOT-2026-1259,2026-08-08 05:42:00,3호기,야간,132.5,116.5,1386.0,21.61,3.47,4.192,0.436,47.3,양품
LOT-2026-1259,2026-08-08 05:45:00,4호기,야간,127.0,118.8,1431.0,21.7,3.475,4.2,0.427,24.0,양품
LOT-2026-1259,2026-08-08 05:48:00,1호기,야간,131.9,116.1,1501.0,21.34,3.49,4.193,0.434,24.0,양품
LOT-2026-1259,2026-08-08 05:51:00,2호기,야간,132.9,118.5,1461.0,21.57,3.583,4.186,0.436,24.3,양품
LOT-2026-1259,2026-08-08 05:54:00,3호기,야간,127.5,114.2,1407.0,22.51,3.466,4.195,0.414,24.2,불량
LOT-2026-1259,2026-08-08 05:57:00,4호기,야간,128.7,119.2,1366.0,22.34,3.427,4.176,0.439,24.2,불량
